"","500","495","490","485","480","475","470","465","460","455","450","445","440","435","430","425","420","415","410","405","400","395","390","385","380","375","370","365","360","355","350","345","340","335","330","325","320","315","310","305","300","295","290","285","280","275","270","265","260","255","250","245","240"
"248.336",NA,NA,NA,NA,NA,NA,NA,NA,NA,NA,NA,NA,NA,NA,NA,NA,NA,NA,NA,NA,NA,NA,NA,NA,NA,NA,NA,NA,NA,NA,NA,NA,NA,NA,NA,NA,NA,NA,NA,NA,NA,NA,NA,NA,NA,NA,NA,NA,NA,NA,NA,NA,NA
"252.814",NA,NA,NA,NA,NA,NA,NA,NA,NA,NA,NA,NA,NA,NA,NA,NA,NA,NA,NA,NA,NA,NA,NA,NA,NA,NA,NA,NA,NA,NA,NA,NA,NA,NA,NA,NA,NA,NA,NA,NA,NA,NA,NA,NA,NA,NA,NA,NA,NA,NA,NA,NA,NA
"257.296",NA,NA,NA,NA,NA,NA,NA,NA,NA,NA,NA,NA,NA,NA,NA,NA,NA,NA,NA,NA,NA,NA,NA,NA,NA,NA,NA,NA,NA,NA,NA,NA,NA,NA,NA,NA,NA,NA,NA,NA,NA,NA,NA,NA,NA,NA,NA,NA,NA,NA,NA,NA,0.00423391315571359
"261.781",NA,NA,NA,NA,NA,NA,NA,NA,NA,NA,NA,NA,NA,NA,NA,NA,NA,NA,NA,NA,NA,NA,NA,NA,NA,NA,NA,NA,NA,NA,NA,NA,NA,NA,NA,NA,NA,NA,NA,NA,NA,NA,NA,NA,NA,NA,NA,NA,NA,NA,NA,0.00914531697170139,0.0100076502216206
"266.271",NA,NA,NA,NA,NA,NA,NA,NA,NA,NA,NA,NA,NA,NA,NA,NA,NA,NA,NA,NA,NA,NA,NA,NA,NA,NA,NA,NA,NA,NA,NA,NA,NA,NA,NA,NA,NA,NA,NA,NA,NA,NA,NA,NA,NA,NA,NA,NA,NA,NA,0.00949702510829527,0.00713859532213668,0.0195968330721904
"270.764",NA,NA,NA,NA,NA,NA,NA,NA,NA,NA,NA,NA,NA,NA,NA,NA,NA,NA,NA,NA,NA,NA,NA,NA,NA,NA,NA,NA,NA,NA,NA,NA,NA,NA,NA,NA,NA,NA,NA,NA,NA,NA,NA,NA,NA,NA,NA,NA,NA,0.00648045951982305,0.00704413641952606,0.0174934957811,0.00336148485248061
"275.26",NA,NA,NA,NA,NA,NA,NA,NA,NA,NA,NA,NA,NA,NA,NA,NA,NA,NA,NA,NA,NA,NA,NA,NA,NA,NA,NA,NA,NA,NA,NA,NA,NA,NA,NA,NA,NA,NA,NA,NA,NA,NA,NA,NA,NA,NA,NA,NA,0.0173301140703009,0.00882719504031995,0.0173330003407574,0.0123103190510433,0
"279.76",NA,NA,NA,NA,NA,NA,NA,NA,NA,NA,NA,NA,NA,NA,NA,NA,NA,NA,NA,NA,NA,NA,NA,NA,NA,NA,NA,NA,NA,NA,NA,NA,NA,NA,NA,NA,NA,NA,NA,NA,NA,NA,NA,NA,NA,NA,NA,0.0216843792557402,0.0189693879028161,0.0235887336313201,0.0173910590552246,0.0157441037265532,0.028452700760322
"284.264",NA,NA,NA,NA,NA,NA,NA,NA,NA,NA,NA,NA,NA,NA,NA,NA,NA,NA,NA,NA,NA,NA,NA,NA,NA,NA,NA,NA,NA,NA,NA,NA,NA,NA,NA,NA,NA,NA,NA,NA,NA,NA,NA,NA,NA,NA,NA,0.0271601515960887,0.0248753934497582,0.0234974337786359,0.0160190560618204,0.00919545303288341,0.00943715502327919
"288.772",NA,NA,NA,NA,NA,NA,NA,NA,NA,NA,NA,NA,NA,NA,NA,NA,NA,NA,NA,NA,NA,NA,NA,NA,NA,NA,NA,NA,NA,NA,NA,NA,NA,NA,NA,NA,NA,NA,NA,NA,NA,NA,NA,NA,NA,NA,0.0321391516589548,0.0339516919940044,0.0427961060637424,0.0247847488702386,0.0180683703110625,0.0136680016097325,0.00793976463555913
"293.283",NA,NA,NA,NA,NA,NA,NA,NA,NA,NA,NA,NA,NA,NA,NA,NA,NA,NA,NA,NA,NA,NA,NA,NA,NA,NA,NA,NA,NA,NA,NA,NA,NA,NA,NA,NA,NA,NA,NA,NA,NA,NA,NA,NA,NA,0.0348743231982194,0.0376912423625659,0.0451443881447065,0.0354918440985718,0.0261108359321349,0.0246930868928133,0.0208653808948546,0.00593351682012321
"297.797",NA,NA,NA,NA,NA,NA,NA,NA,NA,NA,NA,NA,NA,NA,NA,NA,NA,NA,NA,NA,NA,NA,NA,NA,NA,NA,NA,NA,NA,NA,NA,NA,NA,NA,NA,NA,NA,NA,NA,NA,NA,NA,NA,NA,0.0286903951056462,0.0366382723799445,0.046850397470451,0.0442319454653196,0.0358587124721979,0.0308771116838927,0.0290867325167454,0.0268754951233267,0.0233423633042647
"302.315",NA,NA,NA,NA,NA,NA,NA,NA,NA,NA,NA,NA,NA,NA,NA,NA,NA,NA,NA,NA,NA,NA,NA,NA,NA,NA,NA,NA,NA,NA,NA,NA,NA,NA,NA,NA,NA,NA,NA,NA,NA,NA,NA,0.0235281726289479,0.0322425561016767,0.0421531560854724,0.0549003237233458,0.0424768717972907,0.0384537838730765,0.0331995961114848,0.0270208418379141,0.0279548961930713,0.028745586536196
"306.837",NA,NA,NA,NA,NA,NA,NA,NA,NA,NA,NA,NA,NA,NA,NA,NA,NA,NA,NA,NA,NA,NA,NA,NA,NA,NA,NA,NA,NA,NA,NA,NA,NA,NA,NA,NA,NA,NA,NA,NA,NA,NA,0.0182616745399848,0.0245832545881149,0.036677290377317,0.0537229665083258,0.0482142958736849,0.0414042469014461,0.0402638560614078,0.0359590773688135,0.0311557030417787,0.0384919328302667,0.0346594748246464
"311.362",NA,NA,NA,NA,NA,NA,NA,NA,NA,NA,NA,NA,NA,NA,NA,NA,NA,NA,NA,NA,NA,NA,NA,NA,NA,NA,NA,NA,NA,NA,NA,NA,NA,NA,NA,NA,NA,NA,NA,NA,NA,0.0125380358360761,0.0202150486986486,0.0298419446106243,0.0461694615590549,0.0498821433901303,0.0477965374445016,0.0433989740118697,0.0421497293866966,0.03993177991483,0.0385404643434768,0.0403974989023488,0.0457467206579146
"315.89",NA,NA,NA,NA,NA,NA,NA,NA,NA,NA,NA,NA,NA,NA,NA,NA,NA,NA,NA,NA,NA,NA,NA,NA,NA,NA,NA,NA,NA,NA,NA,NA,NA,NA,NA,NA,NA,NA,NA,NA,0.00877742595326773,0.0146900723796457,0.0233317298218851,0.0395841490776919,0.0507301923604074,0.048913641704754,0.0493054433181429,0.0455658517138914,0.0436393694145251,0.0432441161946095,0.0406545825707449,0.0371885441969685,0.0421204263591362
"320.422",NA,NA,NA,NA,NA,NA,NA,NA,NA,NA,NA,NA,NA,NA,NA,NA,NA,NA,NA,NA,NA,NA,NA,NA,NA,NA,NA,NA,NA,NA,NA,NA,NA,NA,NA,NA,NA,NA,NA,0.0089849416329333,0.0124195385916674,0.0173199836518388,0.0344958407308014,0.04768928762815,0.0522053124078876,0.0544204537528379,0.0558653984618866,0.0511441665966157,0.0441363212915784,0.0473839936279607,0.0440492544237672,0.0388553160060881,0.0594683555635597
"324.958",NA,NA,NA,NA,NA,NA,NA,NA,NA,NA,NA,NA,NA,NA,NA,NA,NA,NA,NA,NA,NA,NA,NA,NA,NA,NA,NA,NA,NA,NA,NA,NA,NA,NA,NA,NA,NA,NA,0.00819010431067993,0.0110831893079549,0.0147757547563205,0.0254378098961077,0.0457084149559985,0.0519839777033765,0.0611980625343283,0.0637407800070427,0.0641792333894921,0.0613248444927521,0.0546309420257523,0.0553733313514357,0.049863731664035,0.0546617496065353,0.0583977051489771
"329.496",NA,NA,NA,NA,NA,NA,NA,NA,NA,NA,NA,NA,NA,NA,NA,NA,NA,NA,NA,NA,NA,NA,NA,NA,NA,NA,NA,NA,NA,NA,NA,NA,NA,NA,NA,NA,NA,0.00898373434470138,0.0099358701359702,0.0135674305451651,0.0195310491164211,0.0340274379575761,0.0459160633151658,0.055812188665716,0.0662093604629582,0.0676227462911535,0.0678817956276368,0.0625988231926,0.058281489283614,0.0537377258913969,0.053217651773579,0.0441314699037594,0.0568456789986093
"334.038",NA,NA,NA,NA,NA,NA,NA,NA,NA,NA,NA,NA,NA,NA,NA,NA,NA,NA,NA,NA,NA,NA,NA,NA,NA,NA,NA,NA,NA,NA,NA,NA,NA,NA,NA,NA,NA,0.00977801494806471,0.0121243425584247,0.0154548399590633,0.0251623200292825,0.037542868583156,0.0492016208257244,0.0606047945575695,0.0673099594786076,0.0716188010375864,0.0694378815608516,0.0640037799419464,0.0579299014895217,0.0531596270303543,0.0530385068755653,0.0447482960278455,0.0442666692695797
"338.584",NA,NA,NA,NA,NA,NA,NA,NA,NA,NA,NA,NA,NA,NA,NA,NA,NA,NA,NA,NA,NA,NA,NA,NA,NA,NA,NA,NA,NA,NA,NA,NA,NA,NA,NA,NA,0.00929356776676693,0.0118372506736579,0.0157481201947773,0.0204205527681875,0.0323067547109151,0.0372684426021462,0.0523729127188872,0.0658803604497666,0.0718507169688452,0.0723259040007339,0.0708142932336898,0.0636002185682926,0.0606603475748854,0.0551907389563195,0.0552750260301731,0.0493413224342762,0.0576850948295326
"343.133",NA,NA,NA,NA,NA,NA,NA,NA,NA,NA,NA,NA,NA,NA,NA,NA,NA,NA,NA,NA,NA,NA,NA,NA,NA,NA,NA,NA,NA,NA,NA,NA,NA,NA,NA,0.00855500253797087,0.0117473661235141,0.0145561213868617,0.01791557009053,0.0278768543582303,0.0304249712686027,0.0399232679845738,0.0555100898587989,0.066053498813296,0.0702989873371557,0.0735924987616453,0.0719309500518154,0.0640222048364751,0.0586459807303915,0.0536583026831717,0.0525750185208794,0.0652722677989251,0.0700297422188168
"347.685",NA,NA,NA,NA,NA,NA,NA,NA,NA,NA,NA,NA,NA,NA,NA,NA,NA,NA,NA,NA,NA,NA,NA,NA,NA,NA,NA,NA,NA,NA,NA,NA,NA,NA,0.00804085283324616,0.0107212822185881,0.0134652814841862,0.0159716697599051,0.0243793746868809,0.0293791762493883,0.0323352448612335,0.042593991720866,0.0560725788190041,0.0653896828626593,0.0683860123295169,0.0707171811496454,0.0670674193091913,0.0607425884909081,0.0568285603991893,0.0538690644283079,0.0505162856976988,0.0493258889045063,0.0609523622147693
"352.24",NA,NA,NA,NA,NA,NA,NA,NA,NA,NA,NA,NA,NA,NA,NA,NA,NA,NA,NA,NA,NA,NA,NA,NA,NA,NA,NA,NA,NA,NA,NA,NA,NA,0.00908283111252224,0.0114074027695335,0.0142326278461375,0.0173751060124336,0.0224064709835093,0.029756568218886,0.0297548459896349,0.0352824757140304,0.0447064200956843,0.0576641307189697,0.0669154158574972,0.0707493132989074,0.0705593538294041,0.0687513444985494,0.0631331143595321,0.0586130517463688,0.055819970541634,0.0617970318464807,0.0636998071935666,0.0731600972785089
"356.799",NA,NA,NA,NA,NA,NA,NA,NA,NA,NA,NA,NA,NA,NA,NA,NA,NA,NA,NA,NA,NA,NA,NA,NA,NA,NA,NA,NA,NA,NA,NA,NA,0.0076975743876075,0.0110345330048024,0.0140461070131388,0.0173201574862015,0.0212048074732466,0.028682071548839,0.0281252756131008,0.032708561102654,0.037368918175199,0.04414603292174,0.0553041078834394,0.0636155809049179,0.065019292224421,0.0656439478353155,0.0616830257213481,0.0585586894772732,0.053341348631474,0.0481799780864981,0.0514872725753583,0.0484808581156682,0.0435764665570737
"361.361",NA,NA,NA,NA,NA,NA,NA,NA,NA,NA,NA,NA,NA,NA,NA,NA,NA,NA,NA,NA,NA,NA,NA,NA,NA,NA,NA,NA,NA,NA,NA,0.00875484951155052,0.0125400655828911,0.0157183989311755,0.0202761344916124,0.0229435459642733,0.0314024175979836,0.0312108865051734,0.0333495629775616,0.0374059890493515,0.0407337755992406,0.0464995292822135,0.0576206020485797,0.0634728177235288,0.0653445811605354,0.0647071560031887,0.0616128071137026,0.0587294306235922,0.0561652975911094,0.0540886189904351,0.057647598511359,0.0679359192605295,0.084065111092771
"365.926",NA,NA,NA,NA,NA,NA,NA,NA,NA,NA,NA,NA,NA,NA,NA,NA,NA,NA,NA,NA,NA,NA,NA,NA,NA,NA,NA,NA,NA,NA,0.00787411740050885,0.0114404871658121,0.0145685504111493,0.019790313994209,0.022925088379854,0.0296998378361289,0.0337396931433249,0.0344657165831906,0.0364836321365792,0.0397376328302888,0.0416533759950541,0.0474013364216536,0.0569591309945858,0.0593138870241574,0.06086007072866,0.060817768819717,0.0569688741534319,0.0536594601551157,0.0515646033095581,0.0474501579223734,0.0524078787210377,0.0599256478016733,0.0641429382052159
"370.495",NA,NA,NA,NA,NA,NA,NA,NA,NA,NA,NA,NA,NA,NA,NA,NA,NA,NA,NA,NA,NA,NA,NA,NA,NA,NA,NA,NA,NA,0.00734208924715819,0.0104356219650424,0.0141890422220842,0.0183616618589461,0.023478494614835,0.0296506180200535,0.0380122061568794,0.0366041868388588,0.0398899425978129,0.0417497697651278,0.04318796515325,0.0449847148657487,0.0498383864568542,0.0575928120306827,0.0607429336278774,0.0606614122995154,0.0601692854771671,0.0585030092178357,0.0550579909421029,0.0514237326734105,0.049667004284515,0.0600837068848893,0.0653823619850554,0.0674243038482986
"375.067",NA,NA,NA,NA,NA,NA,NA,NA,NA,NA,NA,NA,NA,NA,NA,NA,NA,NA,NA,NA,NA,NA,NA,NA,NA,NA,NA,NA,0.00623678434072842,0.00915475864062176,0.0132663856471154,0.0175948230995253,0.0233543466666181,0.0301901457070953,0.037645791430122,0.0393868570788066,0.0426675644109516,0.0446894111825139,0.0455978560579382,0.0461208158511833,0.0485553481990554,0.0511904956534632,0.0579729377039381,0.0617793025924143,0.0606975117613613,0.0588139209404355,0.0596791438343429,0.055497774801357,0.0513804063027223,0.0534988529724596,0.0598425704884161,0.0637495352312476,0.0816533158589266
"379.641",NA,NA,NA,NA,NA,NA,NA,NA,NA,NA,NA,NA,NA,NA,NA,NA,NA,NA,NA,NA,NA,NA,NA,NA,NA,NA,NA,0.00603551525927152,0.00830280221538389,0.0123068280840157,0.0162617178154631,0.0216669563139072,0.0270791536825692,0.0363526731426127,0.0414634492716369,0.0430812277114308,0.0467674194483029,0.0492595757453324,0.0498690221676203,0.0504753987396798,0.0510163345765447,0.0543410156995103,0.0573706634227588,0.0605426911542207,0.0603238623258086,0.0594616696907715,0.0563723754980013,0.0552249631065747,0.0526749226290437,0.0586736687844248,0.0618525119878589,0.0760644812604002,0.0833437451100253
"384.219",NA,NA,NA,NA,NA,NA,NA,NA,NA,NA,NA,NA,NA,NA,NA,NA,NA,NA,NA,NA,NA,NA,NA,NA,NA,NA,NA,0.00755867536871288,0.0111203367356374,0.0158340595765548,0.020452381028696,0.0256194757770747,0.0342482007189315,0.0413957479614291,0.043931850550951,0.048659294822719,0.0512589459386127,0.0525596151197442,0.0534052238467393,0.0539626922882398,0.0539802389980523,0.0557167084218937,0.0589020344533003,0.0604925821766391,0.0614444730693563,0.0606490152224978,0.0578593746141016,0.0556039879181485,0.0558465449038479,0.0579682796118178,0.064284551196869,0.0809868048089257,0.0829748568484776
"388.801",NA,NA,NA,NA,NA,NA,NA,NA,NA,NA,NA,NA,NA,NA,NA,NA,NA,NA,NA,NA,NA,NA,NA,NA,NA,NA,0.00714384232921322,0.00925701232437206,0.0139179411073741,0.0185290084763109,0.023276773629453,0.0305995987396531,0.0399055602372424,0.0430309185191482,0.0473071646183249,0.0514137541254507,0.0544257676407839,0.05474089400236,0.0558523989495109,0.0549459922324445,0.0545250948369605,0.0567798426382764,0.0596425802810157,0.0610479070688745,0.0599458353502683,0.05843087941718,0.0585742707675052,0.0564434347176454,0.0571394203009329,0.0602121154085007,0.0695245274342852,0.0802612824354408,0.0919046822155386
"393.385",NA,NA,NA,NA,NA,NA,NA,NA,NA,NA,NA,NA,NA,NA,NA,NA,NA,NA,NA,NA,NA,NA,NA,NA,NA,0.00659402719871082,0.00858932306163091,0.0122243142149372,0.0161875003066403,0.0217025917209265,0.0264177259959626,0.0359695538850678,0.0409474160166163,0.0451321452869019,0.0498993684055475,0.0531728957591876,0.0555228397955142,0.05688852101143,0.0564370023678816,0.0561671062235368,0.0551472389160172,0.0565642574097585,0.0587523091312941,0.0590057493951314,0.0603656335513399,0.0583089990016732,0.0566262635595816,0.0565753103805497,0.0579696519043941,0.066668355319195,0.0711788155202952,0.08208815357298,0.0911274845664459
"397.972",NA,NA,NA,NA,NA,NA,NA,NA,NA,NA,NA,NA,NA,NA,NA,NA,NA,NA,NA,NA,NA,NA,NA,NA,0.00537173562201558,0.00810938705348243,0.0103977538137268,0.0140696855894758,0.0188785459186006,0.0228801109571851,0.0311037436339571,0.0366489414929267,0.0410573768892957,0.0472817827842447,0.0515553749164036,0.053919096190746,0.0557981058266067,0.0560241354008042,0.0567271004129666,0.0549660329079493,0.055279057564996,0.0551060582172311,0.0572433608676851,0.058352276280497,0.0570753085603659,0.0559921621526769,0.0557814075090271,0.0545294475084408,0.0575621609140725,0.0635078828221082,0.0715738587324868,0.0799181681258924,0.0823858070380857
"402.562",NA,NA,NA,NA,NA,NA,NA,NA,NA,NA,NA,NA,NA,NA,NA,NA,NA,NA,NA,NA,NA,NA,NA,0.00500029448053428,0.00747166583643884,0.00969974286923376,0.0132871229625637,0.0169974707734744,0.0214417838471151,0.0276874226352404,0.034503508839063,0.0374450344145131,0.0430586727955027,0.0482362376740614,0.0518626796824818,0.0537440545187105,0.0551497549365028,0.0563313532552772,0.0564788904116354,0.0552275741492841,0.0540634217653229,0.0548745871212564,0.0563683713105107,0.0559868409733333,0.0564493678810069,0.056234831396236,0.0573524604833923,0.0561755238374184,0.0592525806650194,0.0642804923794389,0.0731719063460524,0.0885469125580797,0.0966493664006299
"407.156",NA,NA,NA,NA,NA,NA,NA,NA,NA,NA,NA,NA,NA,NA,NA,NA,NA,NA,NA,NA,NA,NA,0.00578054033936468,0.00738812753986114,0.00975220676465465,0.0127971924313954,0.0160176738492698,0.020127007507562,0.0248735221728504,0.0325837985335439,0.0351054644583409,0.0408005480991371,0.0457656404848861,0.0498519900388537,0.0531947117661628,0.0551480466069716,0.0567935915724243,0.057295720925877,0.0559830158699409,0.0563213698290909,0.055538043620293,0.0557076674256757,0.0578976496989264,0.057910199806495,0.057612916728935,0.0580745040243213,0.0584631651308733,0.0597320783606035,0.0659439439819677,0.0720561180551349,0.0822662369036206,0.0883727110743656,0.103976084943495
"411.752",NA,NA,NA,NA,NA,NA,NA,NA,NA,NA,NA,NA,NA,NA,NA,NA,NA,NA,NA,NA,NA,0.00518402620644527,0.00697326700481227,0.00917513954690434,0.0117573324919123,0.0153245705864711,0.01882238007623,0.0220465724800311,0.0292543256723216,0.0341038850507883,0.0375633808172829,0.0425853550860567,0.0466921459392173,0.0504392513009977,0.0539380287126725,0.0558946342305232,0.0567356203100161,0.0557607600371462,0.0562097238015852,0.0550585707452056,0.0549123375177849,0.054463222251018,0.0564345437315518,0.0571912164330401,0.0568763994223348,0.0587456064244558,0.0594807305229039,0.0612349239461222,0.0655779843107446,0.072258875801733,0.0792656049190205,0.0930411253318033,0.0973269585968803
"416.352",NA,NA,NA,NA,NA,NA,NA,NA,NA,NA,NA,NA,NA,NA,NA,NA,NA,NA,NA,NA,0.00433557876597476,0.00605985045116939,0.00804835435744076,0.0105516966062836,0.0140941160017327,0.0176668412560102,0.0216204087593439,0.0272821002360247,0.0321806650654685,0.0358780879105824,0.0399669331223145,0.0437269167828708,0.0479721499289285,0.0506536046472544,0.0530574916417811,0.0544445578056773,0.055817269846601,0.0555755226677359,0.0557896060273277,0.0544952270965098,0.0541285656501465,0.0537637397893649,0.0552692147687248,0.0563732487729832,0.0585342791214027,0.0589543177103374,0.0602842224836658,0.0630220273479905,0.0697376487371933,0.0738403499702034,0.0824041840577601,0.092708451366504,0.0965437325281503
"420.954",NA,NA,NA,NA,NA,NA,NA,NA,NA,NA,NA,NA,NA,NA,NA,NA,NA,NA,NA,0.00386782184603192,0.00545298109056703,0.00705765003108525,0.00989065641592912,0.0127173380830065,0.0165119895728089,0.0197419043091789,0.0239920377967099,0.0306478121682585,0.0335835387522376,0.037843565713474,0.0410764218299,0.0448553275544203,0.0483909472479143,0.0512577838500039,0.0527643034698039,0.0535855178106622,0.0532060007027339,0.0544304067148758,0.0538514631798239,0.0531127191333794,0.0521987128515935,0.0536164444335551,0.0546461602515276,0.0560935363054791,0.0581319751883441,0.0591338260934462,0.0595583898340628,0.0639590287292817,0.0705211848399454,0.0793945425770241,0.0841626185440063,0.0896953658970776,0.0886741506520812
"425.56",NA,NA,NA,NA,NA,NA,NA,NA,NA,NA,NA,NA,NA,NA,NA,NA,NA,NA,0.00322180099452104,0.00449313629036006,0.00662777731740161,0.00936651957584899,0.0121260711716541,0.0157912247589773,0.0187615564667267,0.0226062092848391,0.0283179482406917,0.0323873224949319,0.0356094948564774,0.0397905900739496,0.0427240337685861,0.0456813344415411,0.048573494012694,0.0500505686614465,0.0520826061900755,0.0521014625163109,0.0529194582034096,0.0521680310493015,0.0515574560280609,0.051074156712658,0.0507914859373592,0.052685193103417,0.0545223569328923,0.0551991497469258,0.0569401703481415,0.0588044785456367,0.0634089204028831,0.0662266700173056,0.0716010307975865,0.0785249600271683,0.0894074408213146,0.0870859213698472,0.0861493289375765
"430.168",NA,NA,NA,NA,NA,NA,NA,NA,NA,NA,NA,NA,NA,NA,NA,NA,NA,0.00361373271911711,0.00472983218281484,0.00680448061094381,0.00832318081882055,0.011497833068368,0.0148309577437573,0.0183217705142826,0.0221092520619138,0.0271044098584234,0.0309553519225623,0.0351363300953096,0.0387668639979491,0.0418192650988431,0.0445826666728656,0.0472405371405388,0.0491216798037193,0.0514802269144328,0.0518445912762237,0.0516787107355614,0.0524674556199073,0.05115921772182,0.0506069230848155,0.0515352285518027,0.0512574138244336,0.0519097950380255,0.0543005253421261,0.0561695616418476,0.0581979004577336,0.0607690050191833,0.0659848516304506,0.0694351584416973,0.0776750253595791,0.08684525375972,0.0916305731505435,0.0946401367123956,0.100311972338082
"434.779",NA,NA,NA,NA,NA,NA,NA,NA,NA,NA,NA,NA,NA,NA,NA,NA,0.00381515542899411,0.00526716065604414,0.00692098866711559,0.00936919750533157,0.0111088001134231,0.0141723491266191,0.0177939357078555,0.0213360557660256,0.0263164203813552,0.0317175055847768,0.0338940659835278,0.0379786716744974,0.0416798310875746,0.0449811986518423,0.0467063300089601,0.0483487879798686,0.0500162405222647,0.0508040337677073,0.0514348884456931,0.0517356104272718,0.0515406251240181,0.0510420991381761,0.0505838194172956,0.0504536479859356,0.0514319056566549,0.0517752277066466,0.0542301386384515,0.0585405845723501,0.0613347279205281,0.063570744410082,0.0696768546898505,0.0745005413838417,0.0839525861094395,0.0919295718450626,0.0985552353134299,0.105223836928621,0.117259819892213
"439.393",NA,NA,NA,NA,NA,NA,NA,NA,NA,NA,NA,NA,NA,NA,NA,NA,0.00427281364011091,0.00592450243445235,0.00750787929374526,0.0096618290887192,0.0127294263531484,0.0163514339613441,0.0197907843434525,0.0240774169336795,0.0294618009576179,0.0330860359245528,0.036421741427438,0.0398765228460024,0.0428509969144767,0.0460353752761189,0.0471176947806817,0.0486214298130979,0.0497605007903947,0.0504901359147764,0.0497243136464305,0.0492905776311468,0.0495052964697495,0.0490095776097915,0.0483224252850787,0.0495034966876253,0.0499783629214576,0.0512945255785079,0.054086596069235,0.0567116507155159,0.0611583037345405,0.0657326093324611,0.0707797439324155,0.0766677709780841,0.0841649153593068,0.0934961078012354,0.102652744045724,0.105700433625071,0.107458175379696
"444.01",NA,NA,NA,NA,NA,NA,NA,NA,NA,NA,NA,NA,NA,NA,NA,0.00425711664534255,0.00552059463854813,0.00727970428737477,0.00965084193207839,0.0118785645304864,0.0146937135030714,0.0183041884764677,0.0217026730839002,0.0272017367345759,0.0310349920670889,0.0342767287805276,0.0384872763420616,0.0419212333948978,0.0447725363990564,0.0459376719786353,0.0482544935909924,0.0482192486797075,0.0482246244541437,0.0487463629349631,0.049228142236652,0.0479971023088956,0.0473466117692958,0.0478403440698817,0.0470639278819734,0.0472048091895734,0.0486510369597832,0.0503326062736095,0.0541652914597708,0.0578466181602672,0.0615792963406323,0.0669215288083125,0.0708242744098155,0.0779257855806646,0.0872940043986086,0.0968744008764381,0.102862792778013,0.107856750830097,0.103958451095611
"448.63",NA,NA,NA,NA,NA,NA,NA,NA,NA,NA,NA,NA,NA,NA,0.00361123774833888,0.00435734184607949,0.00645682758931203,0.00806213318148919,0.0101664399037491,0.0131859055019353,0.0160822151256909,0.0190410741250266,0.0244807489278216,0.0286733497116702,0.0319569326627067,0.0358535346705413,0.0386869084865578,0.0426401667433148,0.0446760185100232,0.0462972096237372,0.0467001940156505,0.0471239826262014,0.0470133330756326,0.0473545123380199,0.0471093271080863,0.0464239822988181,0.0456178550726445,0.0446558953841103,0.0447048391223004,0.0450908462914058,0.0456254258940575,0.0488283054532592,0.0517766496917524,0.0570654624215769,0.0623556471904442,0.0654944556810899,0.0714462414018932,0.078994826756183,0.0875882051897076,0.0985393079464807,0.10268558453458,0.101196822710716,NA
"453.253",NA,NA,NA,NA,NA,NA,NA,NA,NA,NA,NA,NA,NA,0.0031819229775257,0.00377423382897584,0.00551043095517863,0.00738061533348234,0.0092418272641796,0.0119751243180841,0.0148730155632416,0.0177623387831859,0.02125643673356,0.0261812392205797,0.0292456751625203,0.032695633639052,0.0368007931975717,0.0403956544127984,0.0427269886118333,0.0442417591612332,0.0455600200533924,0.0457325217964968,0.0459173871082201,0.0458995676533023,0.045595672879151,0.0446217475893756,0.0438785499707031,0.0434495060231173,0.0429329472762229,0.0430316204986089,0.0432838777116752,0.0443835897942321,0.0472233627679788,0.0506651450078937,0.056312219467546,0.0608550463177889,0.0655050399912283,0.0716839277208146,0.0777617330284946,0.0887575711122598,0.0994275212286773,0.101593325262568,0.102820538499594,NA
"457.878",NA,NA,NA,NA,NA,NA,NA,NA,NA,NA,NA,NA,0.00276223645492666,0.00371842342703629,0.00526991163852315,0.00681221128363384,0.00821114175517984,0.0104548791474434,0.0130829307400579,0.0161837103078174,0.0185721336482611,0.0242433810517635,0.0272494362143762,0.0303045880679403,0.0335993572254707,0.0373929315630275,0.0403077191952608,0.0431190409301608,0.0444128522936136,0.0453731141139964,0.0449068796981133,0.0452556051987666,0.0443162991484389,0.0436789100221593,0.0431796282939437,0.0424467727068118,0.0413091261715299,0.0414962104832123,0.0411267557781329,0.0425487477850308,0.0430018992077604,0.0451791132625549,0.0499390907688713,0.0548510630623259,0.059075229908117,0.0660638915574729,0.0722391474849647,0.0798981159802054,0.0907023585720155,0.0980314156442705,0.105138766019948,NA,NA
"462.506",NA,NA,NA,NA,NA,NA,NA,NA,NA,NA,NA,0.00253151347566269,0.00349093253483416,0.00438610168036967,0.00594062214098174,0.00790177077371409,0.00938677476454852,0.0118306958122672,0.014723673775256,0.0174201560898614,0.021119448455273,0.0249879808661592,0.0279144226946038,0.0314686973492717,0.0346129572108038,0.0377685355631547,0.0405237196823273,0.0431355366525562,0.0446393924255166,0.0441055439805481,0.0441256758975884,0.0435201594313536,0.0430757326031648,0.042361697109194,0.0413100626672887,0.040256316006287,0.0395174448378425,0.039410532917663,0.0395041715251725,0.0398006550542757,0.0410380906918431,0.0445452361807709,0.0481143671646534,0.0534293579859875,0.0598098702089112,0.0655522993178879,0.0715522898987198,0.0787663799699224,0.0887507947473962,0.0962957694790633,0.100548221228253,NA,NA
"467.137",NA,NA,NA,NA,NA,NA,NA,NA,NA,NA,0.0018506215374581,0.00280443924119036,0.00407957934438966,0.00496797957652053,0.00608830883011524,0.00831399759954939,0.0103556881231102,0.0127375357064828,0.0151460584281654,0.017769594799934,0.0222854049079746,0.0245191207249103,0.0280086747314128,0.0314513243706233,0.0348016325672496,0.0375232010624863,0.0395183536155773,0.0414943284240166,0.0427811807465691,0.042451196133403,0.0419446484830889,0.0407913359782943,0.0407427337961158,0.0392187632724551,0.0383752824405793,0.0373417617586974,0.0372366046816339,0.0364230751288187,0.0367650990177347,0.0378295943795541,0.038588136012233,0.0421041046223785,0.046231833480149,0.0520110010141627,0.0568431753732586,0.0654125182331255,0.0702230366832284,0.0763338650604063,0.086431749553767,0.0929802190549661,NA,NA,NA
"471.771",NA,NA,NA,NA,NA,NA,NA,NA,NA,0.00226210356703938,0.00260895233611691,0.00313621177903224,0.00460794386867129,0.00611540481243111,0.00775967055893616,0.00919199382664829,0.0117147375097936,0.0140089782122235,0.0166724881286191,0.0195104315242569,0.0222212755409932,0.024952832280318,0.0287636603185047,0.0318434844833871,0.0349757334299314,0.0370439141278495,0.039386809722029,0.0407094935077343,0.0413167580266751,0.0413177056632079,0.0405463515044834,0.040176193355422,0.0385375820686421,0.0376554784752924,0.0371735422312771,0.0364516281691022,0.03545728625938,0.0356611515103624,0.0352457727578505,0.0365354500518888,0.0385745525063369,0.0405981342620913,0.0450492370319583,0.0511640420703297,0.0567931774408899,0.0630733901915288,0.0682778790108203,0.0763098163873586,0.0832429347730371,0.0910100418025683,NA,NA,NA
"476.407",NA,NA,NA,NA,NA,NA,NA,NA,0.00195973341609603,0.00240921246825119,0.00325404130721429,0.00451958372457533,0.0053246960291962,0.00680259039539332,0.00844820021402239,0.00986584449852463,0.0119203810097342,0.0144837293087435,0.0172764017218789,0.0202955267632129,0.0231122185123662,0.0254025027920458,0.0286189063795562,0.0312046266495132,0.0344687195582287,0.0361450101872081,0.0389788709969949,0.0403936939029028,0.0403810589540569,0.0398176893338,0.0388868006474799,0.0382130789432136,0.0375081388001455,0.0364417681083704,0.0351686736043906,0.0342303954295224,0.0340915250793399,0.033493514354247,0.034269668432777,0.0345803536933398,0.036458826299225,0.0391781272828989,0.0442805155268202,0.0494973461924608,0.0567885129945902,0.0623179341185784,0.0680357683361215,0.0748282036825271,0.0831489202200297,NA,NA,NA,NA
"481.047",NA,NA,NA,NA,NA,NA,NA,0.00173309038870981,0.00213811089834561,0.00274071385897444,0.00363372557424867,0.00454501418099648,0.00557621050944344,0.00718875346082504,0.00884155712923094,0.0107739899170329,0.0128562611528464,0.0148981498018152,0.0177288600010798,0.0200629609712431,0.0229558481721569,0.0257173328881622,0.0284819406719603,0.0309818925748136,0.0333653171103732,0.0352131396977631,0.0367413219139564,0.0383121801434422,0.0381747160943377,0.038300657780615,0.0366148162635114,0.0360480441974228,0.0349451846881999,0.0342838683810753,0.0330666064026662,0.0320713440241214,0.0314874365509563,0.0313151647529731,0.0316083969251021,0.0328988557631329,0.0347077108025819,0.0377705866215227,0.0414218340067716,0.0485179946345889,0.0534655246710113,0.0603112804917611,0.064187909029356,0.071609805399148,0.080102122207469,NA,NA,NA,NA
"485.688",NA,NA,NA,NA,NA,NA,0.00191320461092565,0.00232155147275278,0.00279381664911384,0.00339282612871031,0.0044409769323529,0.00555202069222823,0.00653488768691151,0.00838809346206836,0.0100019692894113,0.0119565189974811,0.0138004234515635,0.0165433568742864,0.0178693282437494,0.0206259078668277,0.0232326097394321,0.0258099522490337,0.028506687085865,0.0307662154253128,0.0327691181380238,0.0350691150163743,0.0368313058584373,0.0368223413179779,0.0371054015402295,0.0365864120019583,0.0356799549255987,0.034739360924696,0.0338292635403531,0.0326586172598241,0.0314733691050599,0.0308935031946699,0.030446360620747,0.0308262736004382,0.0307060900012362,0.0317020023861302,0.0342847030756733,0.0367823651992915,0.0412016288024528,0.0465495291505294,0.0536901523694535,0.0609981379493597,0.0656960735390819,0.0710421126782345,0.0800052743183935,NA,NA,NA,NA
"490.333",NA,NA,NA,NA,NA,NA,0.0021546769289743,0.00279239936908476,0.00337828053954231,0.00389743401388539,0.00492577208875189,0.00594819812562922,0.00700282165662871,0.00863873622957188,0.0102628869246207,0.0120690690765044,0.0148507295151413,0.0163403610002021,0.018501688962079,0.020510152391316,0.0232288110807157,0.0258187795754507,0.0274702635969899,0.0302604046067208,0.0317010498060944,0.034031242090602,0.0348959566718209,0.0358431165738153,0.0357776055373735,0.0348260661701517,0.0338809117521311,0.0329615076092207,0.0319775507306488,0.0307478835105895,0.0297984475540345,0.0288296472687065,0.0290578625372471,0.0288885845516494,0.0291282938516877,0.0299741177983117,0.0320837879208451,0.0352899468576568,0.0391164306297852,0.0451884836359692,0.0509620464776189,0.0563215392201122,0.0617842414816364,0.0682523382045566,NA,NA,NA,NA,NA
"494.979",NA,NA,NA,NA,NA,0.00195530455673868,0.00244027690522621,0.00321096484575499,0.0038205237933841,0.00460770388299321,0.00558467332507036,0.00698123230863759,0.00809196799019043,0.00937344401384468,0.0109570966512494,0.0133002359959614,0.0150993603116384,0.0168287884321039,0.0185183692565677,0.020734898754395,0.0236921513896842,0.0255302612692174,0.0276754698794702,0.029123479765424,0.0313894433595025,0.0323287620002187,0.0336281278806221,0.0345660259379116,0.0339253553150113,0.0330388833727824,0.0319334050912433,0.0310484309455433,0.030375907789649,0.0293225904987892,0.0286360431961754,0.0281266310186929,0.0276269021313764,0.0275307354062374,0.0280700846468055,0.0289010009616602,0.0312874766673711,0.034010250331558,0.0377069051029895,0.0442522063416203,0.0500211536957477,0.0553994156945169,0.0607205991550286,0.0681063142804005,NA,NA,NA,NA,NA
"499.629",NA,NA,NA,NA,0.00187454680491153,0.00222871503456914,0.00281611315949442,0.00353229743634923,0.0043018763926308,0.00517558654671357,0.00599501097043718,0.00710298603330211,0.00828339270647715,0.00988400424453612,0.0115987875640089,0.013278322256373,0.0147651804712389,0.0167868761990617,0.0183844921053184,0.0204627397024291,0.0227277345934746,0.0249887981410404,0.0264636021071432,0.0281458464176831,0.0295726106675585,0.031356850939573,0.0322433128564342,0.0324621951322389,0.0323155601656365,0.0312728735001949,0.0306887160128979,0.0293791031719195,0.0285055614597577,0.0274393259896812,0.0264359227996491,0.0260829922593284,0.0258269236682447,0.0255073734687614,0.0267097795217096,0.0278160471211474,0.0298602450909053,0.0322779738376081,0.0363924334347514,0.0413527480350823,0.0477723827619449,0.0522984202471304,0.0582832292389563,NA,NA,NA,NA,NA,NA
"504.281",NA,NA,NA,0.00186291269032793,0.00236712111548808,0.00283271135869767,0.00338617509392937,0.00417829503348785,0.00473840725349236,0.00565224839573721,0.00672239959698955,0.00809451112905547,0.00909183372601494,0.0102806339541024,0.0125278825648357,0.0139201025023803,0.0152074998240222,0.0167964358012782,0.0182207346753724,0.0205805682502264,0.0221198464763201,0.023973331259901,0.0260049054712963,0.0268567678845298,0.0284971162709873,0.0294712145323791,0.0304454038195161,0.0306087472679716,0.0305037675472277,0.0295914678487624,0.0288521510510361,0.028160772067829,0.0271958542274359,0.0265273125216296,0.0256175017879411,0.0244769065243121,0.0245940768072685,0.0248985432129956,0.0260619182508532,0.0262056953118133,0.0283249646489675,0.0311698813849509,0.0348033811454851,0.0396399148364026,0.0455367161509363,0.0519746671199102,0.0563796925236984,NA,NA,NA,NA,NA,NA
"508.936",NA,NA,0.00204526843277508,0.0019099550155746,0.00261013577079557,0.00306056340589138,0.00372274945832017,0.00435791264699349,0.00495173739739178,0.00601605587074435,0.00684889908860255,0.00792725094898944,0.0091028732434088,0.0106194072450441,0.0127542335503018,0.0139457884095451,0.0147618182766484,0.0167122277638659,0.0181601215342083,0.0197031870713781,0.0215153672671789,0.0231382841125914,0.0248151550490826,0.0256325003760925,0.0274932139404746,0.0278362687804389,0.0290486079063293,0.0292055947528728,0.0285310067845412,0.0277956101808862,0.0273585922261205,0.0267055719231718,0.0252059726097907,0.02424749830338,0.0236967138658379,0.023128617956892,0.0226377011272744,0.0231520145610334,0.0239259473356137,0.0246067418700015,0.0258183511625255,0.0294335233762068,0.0329744997163826,0.0381853383923151,0.0436413447649786,0.050030012772646,NA,NA,NA,NA,NA,NA,NA
"513.593",NA,0.00159794572417143,0.00181192673686824,0.00196785389609475,0.00242306288218749,0.00308944931067262,0.00374434814249163,0.00465955129806232,0.00528117434221772,0.00573942527560464,0.00709640816355557,0.00832873583053806,0.00918752310616945,0.0116433103852704,0.0122563825013141,0.0132970478232404,0.0144581416841388,0.016004035877875,0.0174431237712929,0.018758100185312,0.0204589965048424,0.0216359564391914,0.0234422579971497,0.0246048912053472,0.0255450058892571,0.0261241599585972,0.0265889729039372,0.0272153217345804,0.0267799762727852,0.0263440039831052,0.0254613000588552,0.0247051819319172,0.0236597846563042,0.022977028763974,0.0221987514947008,0.0218758222587106,0.0215589215711448,0.0216100158072347,0.0226058997141302,0.0231231928697302,0.0247688908239734,0.0273871061942691,0.0305502217488698,0.0356733238232847,0.0408135181601588,0.0469258919937394,NA,NA,NA,NA,NA,NA,NA
"518.252",0.00146809202274505,0.00097681239574996,0.00193300031090231,0.00201116454358283,0.00262023873447076,0.00299590771965483,0.00403296478315986,0.00439878290922511,0.00532959656060767,0.00584610566776764,0.00685730903138406,0.00811111077898546,0.0100111472554256,0.0108242688120133,0.0115160295276115,0.0129783013951378,0.0139434345751925,0.0150627677610741,0.016382779527366,0.0177873253045258,0.0193487537910224,0.0207681447454302,0.0220987689221786,0.0227842692521449,0.0238348278930822,0.0246513573610215,0.0248827385522281,0.02486656842621,0.0248741917011622,0.0243639621202621,0.0234019842907497,0.0225290308892479,0.0220081378885869,0.021271481724711,0.0206009980781887,0.0198976422244989,0.020072267710886,0.0204901202106123,0.02061846504919,0.0215676925945368,0.0230810209543837,0.0259154125108061,0.0292339880316625,0.0340307134462859,0.0394967120732281,NA,NA,NA,NA,NA,NA,NA,NA
"522.914",0.00174156165893018,0.00190581518974066,0.00213096355001443,0.00252732625152072,0.00264823595070174,0.00401495806751483,0.00424052060847956,0.00493627821809998,0.00571032483221945,0.00661510914080709,0.00732931425720247,0.00869435818863059,0.00998549271738403,0.010319336718244,0.0115698105326804,0.0128420211341583,0.013885423650333,0.0150000039618623,0.0167105936853366,0.0178376116073099,0.0184616949378628,0.0195894508019163,0.021074417828307,0.0220222431241136,0.0224438639840958,0.0232088251505434,0.0234983637095615,0.0237210702494257,0.0233489364045237,0.0233973398616181,0.0221566444142535,0.0210709688818774,0.0209537095004173,0.0200785126255753,0.0200100620030059,0.0192248803400616,0.0189661402705469,0.0197710981803704,0.0202488612650133,0.0211378506035764,0.0222028905714375,0.0243067359885997,0.028345838752693,0.0327565245849799,0.0378497638321261,NA,NA,NA,NA,NA,NA,NA,NA
"527.579",0.00139400649259395,0.00208048121180524,0.00182545316675016,0.0024370346355951,0.00259390240544619,0.00378573972427888,0.00430525670294439,0.00500448211889981,0.00564301636454886,0.00630391857307437,0.00762091388791921,0.00855563855407387,0.00864494290470985,0.0103371638896123,0.0113874597641636,0.0119028719333749,0.0130394806100523,0.0142860281242534,0.015229096982195,0.0163183607676623,0.0176991195231598,0.0183205404208841,0.0196777120340087,0.0203271731151459,0.0212633378251726,0.0211097394525055,0.0220953379125914,0.0218049999954119,0.0215080735435025,0.0210212232187601,0.020152232126774,0.0198771960844025,0.0192456961766464,0.0189460867358652,0.0180081012855772,0.0180680761375201,0.018059574985257,0.0177470724053823,0.0182433339971101,0.0192780198062974,0.0212007097426158,0.0227812421219661,0.0262407498564748,0.029244527133898,NA,NA,NA,NA,NA,NA,NA,NA,NA
"532.245",0.00116575641909111,0.00151948754232622,0.00204240746885759,0.00241670273606554,0.00271968598611554,0.00349123266741704,0.0042892123506686,0.00475090542494516,0.00517717026228844,0.00614082146888954,0.00743733396542886,0.00808249501270855,0.00855481736019843,0.00991161274128896,0.0105455656752371,0.0114198430931668,0.0128959680216317,0.0136350633156936,0.0142356872284139,0.0150465585746182,0.0168221487147327,0.0171443299392914,0.0180215753859407,0.0186222285337818,0.0197980746485495,0.01983369853803,0.0205634071645048,0.02014486388582,0.020071121756844,0.0194277144525169,0.0185480547609995,0.0183376395746823,0.0175297957397031,0.0173074204780948,0.0171351874513454,0.0166252617347002,0.0163159666742472,0.0169789738073217,0.0170916305089057,0.0179025117494386,0.0194313381670533,0.0212021821026869,0.0240351729813491,0.0278362954654595,NA,NA,NA,NA,NA,NA,NA,NA,NA
"536.915",0.00222738939075378,0.00219512436550931,0.00257513126492925,0.00298826077238641,0.00345041041683489,0.00409486314713645,0.00446412990420154,0.00513081162875289,0.00565208126027888,0.00679469111688476,0.00741943293580986,0.00828082101764338,0.0090104714147487,0.00994493042272438,0.0108161239680456,0.0120120376726968,0.0128332428717207,0.0138698152396351,0.0143101559896205,0.0149246927973149,0.016536876040437,0.0168456799556586,0.017175444892912,0.0183759736844248,0.0184856654208764,0.0193407614953724,0.0193984251210924,0.0195564329948496,0.0190179942620633,0.0187277257874989,0.0181656835994805,0.0181592254920019,0.0172415003329372,0.0166386775701287,0.0165841549209712,0.0162171894483586,0.0164076592611708,0.0165281710314901,0.0174477868086052,0.0178806130488999,0.0190146768849689,0.0210704931709183,0.0235275402116332,0.0279846512335165,NA,NA,NA,NA,NA,NA,NA,NA,NA
"541.586",0.00140172383557725,0.00186630038041233,0.00236058594393424,0.00261050554055525,0.00309033249607652,0.0036820763703463,0.0043629399418648,0.005054356371509,0.00586052055412531,0.0064153107857101,0.00701069084953648,0.00759556994013794,0.00814040979060323,0.00933584688671244,0.0100078225958044,0.0112760365447489,0.0121238048590501,0.0126306470738004,0.0128702957500859,0.0140541741730113,0.0149217851471334,0.0150745059180575,0.0161529613283125,0.0166829179918183,0.0171838155289086,0.0177082306732242,0.017780504947695,0.0177368638904225,0.0181048129619971,0.0170277440693778,0.0162286422769277,0.0161548049775883,0.0157364953670069,0.0152861367329753,0.0150297533646668,0.0152495066529388,0.0148017963202489,0.0154467139923143,0.0156992736133558,0.0166059864589637,0.0175374998361494,0.0195897939456741,0.0221726730459596,NA,NA,NA,NA,NA,NA,NA,NA,NA,NA
"546.26",0.00185571120676677,0.00223799448123969,0.00265177114183065,0.00312455184538395,0.00335400299838244,0.00376306981572679,0.00462261215239168,0.00505187328023375,0.0060013967895614,0.0065528761681133,0.00695306361011548,0.00751878950957391,0.00850340093210297,0.00911551878748917,0.0100380148246118,0.0108028229422482,0.0116390181884277,0.0121827854524397,0.0129181234704152,0.0136327190970116,0.0141357421067012,0.0148748711302915,0.0158404331547419,0.0159925246688284,0.0164962227423909,0.0171634522622546,0.0169483190589869,0.0174715566211895,0.0167787732342479,0.016496046179281,0.0156241983999905,0.0155192066672535,0.0153735247051583,0.014453590079416,0.0145035632903587,0.0143974380655824,0.0140893962354297,0.0148518085901641,0.0150090275544917,0.0160452517773217,0.0172407554124129,0.0189262578929552,0.0208258164384649,NA,NA,NA,NA,NA,NA,NA,NA,NA,NA
"550.936",0.00186966232378134,0.00198292689270206,0.0025274989939675,0.0027433866212227,0.00330390439322424,0.00381185442046608,0.00437100928201466,0.00504304995506237,0.00602511441875744,0.00612086897426687,0.00660953005416625,0.0075370751364617,0.00814453333148825,0.00934138354139617,0.00940251387658712,0.0100534815329301,0.0110338077253652,0.0116670038164216,0.0122391456547626,0.0128181314079804,0.013334989316539,0.0135321836137186,0.01443493435456,0.0147339629152197,0.0151608283957378,0.0157070637525904,0.0152823683259921,0.0159401202426377,0.0152593802804142,0.0153707968895365,0.0147968963387235,0.0145815352594479,0.0143450402787455,0.0140095395979187,0.0133262410887946,0.0137736090393403,0.0135520649788597,0.0134604932853705,0.0136910432736273,0.0142799718635343,0.0156519028767573,0.0176049168100697,NA,NA,NA,NA,NA,NA,NA,NA,NA,NA,NA
"555.615",0.00164781085569022,0.00181936411858707,0.00230085356592843,0.00255106963143863,0.00301228957128937,0.00333639147862565,0.00424769833800158,0.00485667812043809,0.00536036360252378,0.00559151315031123,0.00628049130722072,0.0066987212227198,0.00776001914260086,0.007916233608216,0.00901269827812234,0.00965423899430998,0.010202245381681,0.0108640145955434,0.011040585124917,0.0116378502898162,0.0121243041797278,0.01291563267653,0.0133160327601647,0.0135780379114744,0.0140060419457299,0.0138237046046665,0.0144668986146823,0.0144233724860061,0.0136935238703416,0.0138957022695517,0.0134603610129365,0.0130573842571127,0.012637217550158,0.0126358997739726,0.0123140451803761,0.0128084491875207,0.012190131631164,0.012281773166992,0.0129563705539204,0.0138467749921727,0.0146102680677468,0.0167320058725225,NA,NA,NA,NA,NA,NA,NA,NA,NA,NA,NA
"560.296",0.00169324662480939,0.00211598673581118,0.00205509223142482,0.00293036649310258,0.00310127945903244,0.00352187641506265,0.00448829091898089,0.0048834072533563,0.00505120006440947,0.00538856415029525,0.00606339013279492,0.00683312409665605,0.00706840001454604,0.00811180263588759,0.00917597923497,0.00936959298021056,0.00937057916831242,0.00994943684020823,0.0103427810461558,0.0111437802014549,0.0118787237575312,0.011856953233923,0.0122003521631884,0.012521408993377,0.0127470345399919,0.0129882007957199,0.0131361172641413,0.0129908297133705,0.013259376160577,0.012346268685964,0.0125875063065383,0.0118411286323356,0.0119408629756642,0.0117713542588302,0.0118716304845317,0.0116307494249938,0.0115190690205457,0.0119564307586554,0.0118882155224038,0.0128145737149285,0.0136061526384906,NA,NA,NA,NA,NA,NA,NA,NA,NA,NA,NA,NA
"564.979",0.00200050120440762,0.00186668545562661,0.00212946094057224,0.00228547123753553,0.0029743737731185,0.0034689437836137,0.00447174230217104,0.00457019398217842,0.00475942152625546,0.00549085721229518,0.00574269211236247,0.00642307187352389,0.00665386960270226,0.00740058924630351,0.00784254652918874,0.0085421021453392,0.00894184662554834,0.00917660858043021,0.00985315976619366,0.010003179834196,0.0108899475388216,0.0112045553706535,0.011093649654218,0.0117025733122587,0.0120282333234148,0.0119881572918252,0.0118773179350797,0.0126205515422432,0.0122033505700969,0.0121830304622734,0.0117506214600511,0.0112499979157485,0.0111230095178803,0.0109686258955225,0.0106809458678462,0.0107562211062078,0.0111145938725148,0.0110441316715226,0.0116035775405105,0.0127073566554089,0.0133312579076463,NA,NA,NA,NA,NA,NA,NA,NA,NA,NA,NA,NA
"569.664",0.00182920159418456,0.00165651203246202,0.00225740200427269,0.00235175616208064,0.00300954160433157,0.00354355920962367,0.00388227843725104,0.00441662023831075,0.00457828985603186,0.00500040355987701,0.00549164530358763,0.00631161647837119,0.00627050944510705,0.0068099316175689,0.00747345166259192,0.00775189064193576,0.00824612948354447,0.00899996108010592,0.00949487791197582,0.0101548137640064,0.0103747899986084,0.0103531938329175,0.0109997365884606,0.0109740190193439,0.0114067315341257,0.0116029121558808,0.0115827105876273,0.0116489723423603,0.0113680163149535,0.01119632607874,0.0110409051732039,0.0107361800574993,0.0105122023118881,0.0101837576162081,0.010345757383632,0.0102441617247514,0.0101442655142298,0.0108120306249908,0.0113292032043027,0.0116266646913919,NA,NA,NA,NA,NA,NA,NA,NA,NA,NA,NA,NA,NA
"574.351",0.00195393944247307,0.00184601698557587,0.00217077565328016,0.0025615626207415,0.00294754361505392,0.00340909456271259,0.00363231799004176,0.00406096896546117,0.00428701383645848,0.00483360883712311,0.00518233791088055,0.00554572279588803,0.00584443381049469,0.00674533858403825,0.00686688289944351,0.00686758359127913,0.00769248801670749,0.00816337220754212,0.0090731168847973,0.00943318283418767,0.00961478159833634,0.0100349028566203,0.00972359307556223,0.00997528819459818,0.00993579979902146,0.0101713649693775,0.0106154607743283,0.0106112691772167,0.010104221682919,0.0104058611395766,0.0103210182010235,0.0100507895073045,0.0098001690687509,0.0096643905015246,0.00984497961031343,0.00938628410958304,0.00977250171826395,0.00967071012559467,0.0101831323751558,0.0109120659002672,NA,NA,NA,NA,NA,NA,NA,NA,NA,NA,NA,NA,NA
"579.04",0.00192750205316157,0.00228306602833062,0.00228378518519481,0.00300651976951974,0.00345315591960688,0.00329091472407144,0.00342194034956042,0.00400360648589227,0.00411179507246222,0.00494122274472159,0.00504281534480991,0.00528518754750222,0.00608641713436579,0.00645627510600833,0.00686558787433962,0.00707718172093166,0.00741066546374802,0.00820651494687779,0.00887606658914999,0.00939492573441606,0.0099153061469566,0.00957165671874727,0.00949030338622337,0.00954806746662302,0.009615522702602,0.0097243445579826,0.00940161010081532,0.0097905162928113,0.0100375238642147,0.00962404654578024,0.00921316459424049,0.00920495112520966,0.0094513995565006,0.00941851940636071,0.00913396411187731,0.00917489018167947,0.00943959808623382,0.00954932553192418,0.0100780982896362,NA,NA,NA,NA,NA,NA,NA,NA,NA,NA,NA,NA,NA,NA
"583.732",0.00164763182607527,0.00191835119309643,0.00182844673076929,0.00276390640979629,0.00257558345089011,0.00289452951949584,0.00328041102585302,0.00347544944984948,0.00383467921591758,0.00385356888919998,0.00462866128323753,0.0048688643572772,0.00544993348775754,0.00564100396386869,0.00627062116930739,0.00615732997299922,0.00697185525297676,0.00778055644372346,0.00840086089894616,0.00853684199084482,0.00840531793833351,0.00820318789466922,0.00848753513793383,0.00856159680217668,0.00876636522886638,0.00906590529887501,0.00872287921899748,0.00912398992695913,0.00904616811308551,0.00862191325515224,0.00872438030640097,0.00850209337521321,0.00836859215760486,0.00845833421745698,0.00822823680012552,0.00815406463222519,0.00869337415687471,0.00854741367794314,0.00927470702279956,NA,NA,NA,NA,NA,NA,NA,NA,NA,NA,NA,NA,NA,NA
"588.426",0.0024529266435116,0.00169448407652418,0.00274223235883127,0.00263874140025719,0.00253139530410743,0.00312657735901598,0.00353247605152478,0.00371410428736427,0.00377559523964014,0.00427553252711939,0.00448475442667648,0.00513673791042249,0.00519312451004006,0.00581086279638811,0.00597601569840055,0.00629970085573239,0.00665611030356205,0.00776380983449735,0.00824256448189473,0.00837957624741036,0.00832671530078349,0.00840463171698781,0.00835114799898445,0.00853137344591421,0.00858143465887118,0.00874377853156509,0.00896893094690764,0.00839357470603089,0.0083933141634507,0.00875351075204947,0.00834694939910432,0.00836495153830133,0.00830444875953785,0.00814591981271494,0.00819912388665584,0.00829294548876301,0.00830780137065794,0.00841730449554181,NA,NA,NA,NA,NA,NA,NA,NA,NA,NA,NA,NA,NA,NA,NA
"593.121",0.00141379157436852,0.00166387795146991,0.00203682101535798,0.00148218499303558,0.00216554726096195,0.00238864524687163,0.0025352516036294,0.00295504651708845,0.00328090241106278,0.00361017224661112,0.00387242579199044,0.00420687342607551,0.00456315814653445,0.0047987033890309,0.00508704676655539,0.00546746428674588,0.00615419534569691,0.00674842002245177,0.00690765092853712,0.007140006380239,0.00714678375471224,0.00659291633255217,0.00682868629072934,0.00700238633479708,0.0070519853623784,0.00721797997785181,0.00720417184201223,0.00731001742783208,0.00778083954708847,0.00730244757274051,0.0072812767116365,0.00702245976265852,0.00698267743405831,0.0069129185696171,0.0067621555094107,0.00715866595089468,0.00717042123745728,0.00776516045921115,NA,NA,NA,NA,NA,NA,NA,NA,NA,NA,NA,NA,NA,NA,NA
"597.819",0.00142669023021645,0.00182300226039491,0.0020478210242224,0.00185298522088584,0.00201495036525453,0.00231480525619293,0.00262853578923835,0.00280496595729285,0.00316188095591863,0.00329120484737396,0.00370530926046158,0.003893354894409,0.0042992141955007,0.00471704113807275,0.00497071169555965,0.00530359239262936,0.00560823015654814,0.00644416943381571,0.00722680546268435,0.00675173367221566,0.00681240848915127,0.00662403313193303,0.00672810669025174,0.00670105418200079,0.00691857261300756,0.00654363326373038,0.00709836774400263,0.00689933595964205,0.0069549487557084,0.00673265999042538,0.00700485585004848,0.00657678852653332,0.00650011684832478,0.0064615378798777,0.00671256815285873,0.00684374161675649,0.00682194160014857,0.00707105433866493,NA,NA,NA,NA,NA,NA,NA,NA,NA,NA,NA,NA,NA,NA,NA
"602.519",0.0016874035677582,0.00176763682613615,0.00158789472745649,0.00199469289408147,0.00211165204867751,0.00221409945286155,0.00253752131442634,0.00295713962298844,0.00294784395388486,0.00325776361336835,0.00379471088404643,0.00382339296407808,0.00411764936443972,0.00421831439504519,0.00479360686661638,0.00534194976157995,0.00640433500264153,0.00629098872737775,0.00629803809796103,0.00648395494092187,0.00655955539655004,0.00623159201756139,0.00622938072311093,0.00610800149155584,0.00661935739338607,0.00633878464943024,0.00623981116906309,0.00664047871173426,0.0066416025986128,0.00641892487943734,0.00649955753949693,0.00635052710341673,0.00632597558788974,0.00645633824547319,0.00640047281388807,0.00682611101559326,0.00696717035484556,NA,NA,NA,NA,NA,NA,NA,NA,NA,NA,NA,NA,NA,NA,NA,NA
"607.221",0.00149661780483046,0.00147615156920135,0.00211450551067433,0.00172752986678483,0.00226961156909851,0.00225016583449158,0.00256235089906143,0.00276229989618537,0.00297446252751501,0.00289032303332641,0.00345255733755304,0.00355098695225121,0.00369425207095249,0.00419135760638823,0.00493002544614758,0.00527593669546324,0.00547778058361932,0.00599651892481746,0.00597391081376338,0.00580126680162581,0.00588345485139275,0.0052074561193777,0.00566454883003914,0.00604149040081903,0.0061283219754703,0.00604752220442569,0.00614962372989405,0.00618065253114554,0.00606610121163712,0.00619384562039198,0.00585861705502346,0.00588846346043463,0.00587399210667747,0.00606090401412947,0.0060869842904493,0.00595485899728376,0.006370922421193,NA,NA,NA,NA,NA,NA,NA,NA,NA,NA,NA,NA,NA,NA,NA,NA
"611.924",0.00199170532899089,0.00179101078398225,0.00198839300804718,0.00161098306853181,0.00191912896901783,0.00195567874182711,0.00203985345689059,0.00232477294683619,0.00270309015580906,0.00309643770578617,0.00314575487324449,0.00325315192354837,0.00350340015592756,0.00410500615282132,0.00430156418990362,0.00494718985612943,0.00494139948919127,0.00537420696867379,0.0052601346161118,0.00558313042193683,0.00542746647388187,0.00566204212046618,0.00517115832166294,0.00536968978662255,0.00559981765275596,0.00551252606824121,0.00553642312879596,0.00552937949245874,0.00516309979159084,0.00552610553674056,0.00553131173223924,0.00568807254633912,0.00547770076496545,0.00567481280720489,0.0057243861894639,0.00571553884014895,NA,NA,NA,NA,NA,NA,NA,NA,NA,NA,NA,NA,NA,NA,NA,NA,NA
"616.63",0.00167754069782394,0.00163133476685834,0.00206739245615695,0.00190199514303436,0.00190336904064479,0.00202184500088668,0.00226250647552164,0.00247897048253685,0.00249158445897269,0.00277466276538447,0.00305608463887791,0.00339224291999774,0.00389481434623659,0.0039174425839271,0.00378056221740931,0.00396493268640025,0.00487595791687325,0.00530062120013048,0.00506419549315324,0.00504308794023232,0.00521987324588636,0.00504171622166983,0.00492395656686927,0.00535618959867394,0.00531673126751962,0.00525355246407406,0.00522082261469092,0.00550762000440869,0.00518331357284303,0.00502789959051553,0.00511188895855413,0.00512185453862554,0.00529556540262266,0.00555261492546508,0.00566882725665854,0.00555804931713959,NA,NA,NA,NA,NA,NA,NA,NA,NA,NA,NA,NA,NA,NA,NA,NA,NA
"621.338",0.000951245077723865,0.000950321219193145,0.00126167663170719,0.00162354637830089,0.00164466162126581,0.00147156343046315,0.00213220392444167,0.00193659630901864,0.00223746080093268,0.00247181340273267,0.00276893757904755,0.00277405585798871,0.00320746206361625,0.00339493919911661,0.00363992586673125,0.00410990145393537,0.00425993154505747,0.00445120387204051,0.0051496939444827,0.00483181076892782,0.00492640572397394,0.00440124005085861,0.00451365205686448,0.00447860819195383,0.00433884957690423,0.00511889260944625,0.00481073363421125,0.00491512006633421,0.0049382817173496,0.00484533218523068,0.0046060669768436,0.00468302945075044,0.00484089232532281,0.00480250155624534,0.00496172318455848,NA,NA,NA,NA,NA,NA,NA,NA,NA,NA,NA,NA,NA,NA,NA,NA,NA,NA
"626.047",0.00173548628528691,0.00134170181555778,0.00127401239962222,0.00163212971475355,0.00172664336735467,0.00147156679244715,0.00218096855720894,0.001929968702173,0.00230862231290003,0.00233923241814668,0.00250416219743426,0.00261061578718624,0.00301984334567698,0.00327082467078264,0.00362041876362323,0.00367969279429328,0.00405110233208729,0.00454106548190041,0.00465661209375794,0.00464340332715492,0.00484509505259032,0.00446366113034056,0.00430562498315556,0.00447459279252298,0.00458103840561544,0.00432201670272994,0.00472348405318578,0.00450489902633195,0.00476801520422508,0.00482382514938318,0.004855733263001,0.00427403876360996,0.00474715300227123,0.0048164321623411,0.0049932555189528,NA,NA,NA,NA,NA,NA,NA,NA,NA,NA,NA,NA,NA,NA,NA,NA,NA,NA
"630.758",0.00108618475044683,0.00171638214234182,0.00150208231111294,0.0015803454591219,0.00171644997232235,0.00165047633570803,0.00177319494164004,0.00211611113410862,0.00208699900530721,0.00226890015875647,0.00234704047522518,0.00246552620606601,0.00286580433668561,0.00310656250298145,0.00325726039622051,0.00364166063655017,0.00356777373066757,0.0040307416624815,0.00476139779107802,0.00448749913345964,0.00423709126205461,0.00399689206487542,0.0042434459741903,0.00425005037717031,0.004424066107795,0.00480194405919203,0.0044186187444973,0.0041874496743022,0.00450912432382911,0.00411008056089953,0.00394840526339944,0.00427523264965885,0.00477459940360805,0.00396797208729083,NA,NA,NA,NA,NA,NA,NA,NA,NA,NA,NA,NA,NA,NA,NA,NA,NA,NA,NA
"635.471",0.000992785412045595,0.0012626421436618,0.000979051806079675,0.00122835615084841,0.00132998771440042,0.00121353032469388,0.00144496060422287,0.001798777215125,0.00186566634672179,0.00202580539014794,0.00186572725888925,0.00220317763388476,0.00237536235106001,0.00260231429707075,0.00257370978661273,0.00313155948458845,0.00391180324382413,0.00388272728677625,0.00479792714095538,0.00415095361811545,0.00421951153993134,0.00391692677146853,0.0036894372858716,0.00354378966427382,0.00420101197082879,0.00353054000944959,0.00374299475539679,0.00408228658633853,0.00364412363518713,0.00361207100047851,0.00353126509115707,0.00409647213653572,0.00386024603517072,0.00380872526782467,NA,NA,NA,NA,NA,NA,NA,NA,NA,NA,NA,NA,NA,NA,NA,NA,NA,NA,NA
"640.186",0.00203296046202876,0.00120437010214349,0.00148893268441944,0.00190852521327885,0.00149585949395866,0.00171514760178844,0.00180339162281269,0.00170472938637825,0.00173054600541124,0.00222476479794108,0.00209133081540692,0.0025828037954419,0.00287544948204953,0.00322425452895459,0.00335350016346738,0.00355198891162102,0.00418117127144188,0.00452706297170497,0.0048588141418764,0.00457184110787442,0.00450013260441014,0.0041373210934617,0.00425946305959434,0.00408909020621987,0.00417280751137106,0.00388497896198011,0.00399588268930119,0.00379615007955881,0.00439038838454997,0.00421112857761237,0.0041633354036328,0.00403012508624839,0.00407248408608148,NA,NA,NA,NA,NA,NA,NA,NA,NA,NA,NA,NA,NA,NA,NA,NA,NA,NA,NA,NA
"644.903",0.000485858831229878,0.000298179713723785,0.000848607707779747,0.0009689362310392,0.000881353327702144,0.00112455075196736,0.00110883959155463,0.0012876700942643,0.00125388588281831,0.00134317490603974,0.00151548991313739,0.00151369189978216,0.00196250138594051,0.00226420029939114,0.00213033754121492,0.00276407704452187,0.00276174911806289,0.00352966707176025,0.00370385529635926,0.00310869321465874,0.00308187178772849,0.0028867092416012,0.00295954556562036,0.00268224758998017,0.00321304869687483,0.00282518118742649,0.00324641326931455,0.00293289111057209,0.00327685300198471,0.00336659557998502,0.00300650588192516,0.00306120567103112,0.0035357353523952,NA,NA,NA,NA,NA,NA,NA,NA,NA,NA,NA,NA,NA,NA,NA,NA,NA,NA,NA,NA
"649.621",0.00121427771859892,0.00149294375718716,0.00105041245131798,0.00148147931686789,0.00158677252223026,0.00132381608916547,0.00140776559714419,0.0016547280476698,0.00163954648901584,0.00194138183795747,0.00207268719932973,0.0022262293216618,0.00245172959608936,0.0024815486442902,0.00277642643352101,0.00303371147137758,0.00327522696626207,0.00414664984148232,0.00424670998680945,0.00400038908627573,0.00351542832848577,0.0037024748850639,0.00321013713624118,0.00317607183135921,0.00356380730321463,0.00320124836033327,0.00334823944953249,0.00349968479039087,0.00340315853777551,0.00324931260681824,0.00357470552861465,0.00370585778809721,NA,NA,NA,NA,NA,NA,NA,NA,NA,NA,NA,NA,NA,NA,NA,NA,NA,NA,NA,NA,NA
"654.341",0.00100578017310325,0.000740013704188506,0.00124310347521572,0.000790622677087987,0.0013012490523517,0.00118508765692319,0.00137655656120105,0.0014483191838626,0.00143791252226867,0.00141209068347398,0.00168919679195124,0.00160736981208888,0.0023223032622327,0.00177379231142534,0.00242742062856705,0.00284953665575191,0.00352027455786492,0.00369474066126545,0.00335527326779109,0.00337132589748452,0.00281399708558797,0.00317698163810476,0.00307140662972156,0.00339652653900438,0.0026433685563261,0.00278510415699954,0.00306614651851638,0.00282636804171859,0.00285183353042706,0.00295249419724101,0.0028234886171543,0.0032818864149507,NA,NA,NA,NA,NA,NA,NA,NA,NA,NA,NA,NA,NA,NA,NA,NA,NA,NA,NA,NA,NA
"659.063",0.00100400712255961,0.000678027360552226,0.001117092949531,0.00113011495081691,0.00100282241499942,0.000885876202794918,0.00118392560498726,0.00118473177312137,0.00138529430279747,0.00131501630287392,0.00170359396666846,0.00208237693230658,0.00217375393444775,0.00243008902705579,0.00203893942547208,0.00244212462181244,0.00303490360769099,0.00308770665643911,0.00315444485844294,0.00343995216524012,0.00268627043976965,0.00252741975082746,0.00270804741305474,0.00266988112826344,0.00237026487239613,0.00253779285299283,0.00236825714467908,0.0028367375405028,0.00308868551104583,0.00295745119825251,0.00280306048096216,0.00298748482627355,NA,NA,NA,NA,NA,NA,NA,NA,NA,NA,NA,NA,NA,NA,NA,NA,NA,NA,NA,NA,NA
"663.787",0.00080629686946274,0.000779967884282028,0.000847607916227853,0.000737985318436378,0.00111591725937144,0.001067458476586,0.00102187511331843,0.00117613812509039,0.00113757825518227,0.00124458870040687,0.00142230111695282,0.00144038620173373,0.00216710961766784,0.00166522297920348,0.00199774288138989,0.00208705627458972,0.00270245480037713,0.0025883402809966,0.00292623120750251,0.00221990347818886,0.00227435609300128,0.00290978361783462,0.00211699754470908,0.0023052896313768,0.00235699320795187,0.00235049014581871,0.0022032637486392,0.00230176428378116,0.00246779279319023,0.0028032653378112,0.00247102364276651,NA,NA,NA,NA,NA,NA,NA,NA,NA,NA,NA,NA,NA,NA,NA,NA,NA,NA,NA,NA,NA,NA
"668.512",0.000984322033232376,0.00119507859214389,0.00144177967306701,0.00124974652717519,0.00134453332260533,0.000991883801216797,0.00138064624653971,0.00143708686238562,0.00146757897226902,0.00139267420262702,0.00194296012833171,0.00208534279928629,0.00203795699794413,0.0023332481462008,0.00261861310440561,0.00271233407784544,0.00262697617532547,0.00334673130310577,0.00294408726418157,0.00303438168194079,0.00253111378509433,0.00255245230324302,0.00318629893564686,0.00291776260299629,0.00261231039682473,0.00255199537670431,0.00251151049942906,0.00263857043704375,0.00270949938789665,0.00307442668357228,0.00259980053053184,NA,NA,NA,NA,NA,NA,NA,NA,NA,NA,NA,NA,NA,NA,NA,NA,NA,NA,NA,NA,NA,NA
"673.238",0.000649727113673841,0.000477096258170465,0.00107602277896616,0.00107817014818023,0.000916593999711121,0.000726402323318661,0.00111681255860645,0.0012866990417817,0.00108419061734993,0.00142534285109054,0.00140225379309489,0.00134028500110671,0.00194389205783921,0.00200786461757296,0.00202115275400157,0.00199882484292781,0.00254844842121872,0.00217498020175228,0.0024360486214525,0.00251356130363932,0.00238874409708159,0.00242633815697926,0.00251597116317895,0.00235546123126296,0.00219816186257026,0.00258089017402767,0.00251639221304471,0.00257728152964428,0.00240162726002253,0.00240784713475662,NA,NA,NA,NA,NA,NA,NA,NA,NA,NA,NA,NA,NA,NA,NA,NA,NA,NA,NA,NA,NA,NA,NA
"677.967",0.000728497454716023,0.000961544238541302,0.000569974564593933,0.000581450825255612,0.000798022440304322,0.000612687983873904,0.000865676285807864,0.000958750769983006,0.00103246429504573,0.00117450438815572,0.00100643228044248,0.00145993495845769,0.00134795994213618,0.00176353164201919,0.00181043549163927,0.00217008498491627,0.00190314586417804,0.00218768456850406,0.00233712946328929,0.00204181287672451,0.00173239047519976,0.00216226608992357,0.00219211377007674,0.00204260073654121,0.00199020744322898,0.00185929824995523,0.00181898528273257,0.00185459773628297,0.00209585198324407,0.0019521761745333,NA,NA,NA,NA,NA,NA,NA,NA,NA,NA,NA,NA,NA,NA,NA,NA,NA,NA,NA,NA,NA,NA,NA
"682.696",0.000667128668785227,0.000600411959725905,0.000415954291380482,0.00077415613009654,0.000514455972782807,0.000622588454335251,0.000712212923559013,0.000715551015294283,0.000973593841023526,0.000978469662054452,0.000763849952281351,0.00118446840748046,0.00147805877076546,0.00142637169819257,0.0016272189413229,0.00215839632188022,0.00180205078578084,0.00207141851290239,0.00172239601346612,0.00191422385532364,0.00193716378153305,0.00181402612250914,0.00170445132249642,0.00189766636402352,0.00185044791246427,0.00142220855471154,0.00163654297638223,0.00176241345332834,0.00185683852347768,NA,NA,NA,NA,NA,NA,NA,NA,NA,NA,NA,NA,NA,NA,NA,NA,NA,NA,NA,NA,NA,NA,NA,NA
"687.428",0.00135976419374432,0.00093572286352925,0.0010470998076566,0.000902021908621201,0.00109996640643249,0.00110049116118998,0.00088130507248682,0.00114132750783548,0.000856156731157765,0.00132198041716844,0.00124528968360106,0.00175000628334295,0.00152276412740912,0.00179894905012145,0.0017953871018944,0.00197783511515647,0.00208232968456107,0.00189259902218651,0.00201279469823982,0.00203658640132796,0.00185016457103469,0.00220499257120491,0.00215325113445126,0.00181097652981868,0.00193007830084485,0.00183336897020266,0.00206574109549599,0.00198334426220575,0.00238455639859207,NA,NA,NA,NA,NA,NA,NA,NA,NA,NA,NA,NA,NA,NA,NA,NA,NA,NA,NA,NA,NA,NA,NA,NA
"692.16",0.000616049399274331,0.000675291072408551,0.0007894384881128,4.9224900005764e-05,0.000531566852609231,0.000620605653420448,0.000679395050322388,0.000531697725589028,0.000585997795840142,0.000807030412644651,0.000857682206932716,0.000818131196125697,0.00113428916553503,0.00127655822763516,0.00100729337236717,0.00123274374401001,0.00156988144534715,0.00146460026799198,0.00141346773751034,0.00118141640896921,0.00143513740075325,0.00157278568748557,0.00131536663087276,0.00111829448271641,0.00109783190271922,0.00136797034377041,0.0016499038048985,0.00143610796072199,NA,NA,NA,NA,NA,NA,NA,NA,NA,NA,NA,NA,NA,NA,NA,NA,NA,NA,NA,NA,NA,NA,NA,NA,NA
"696.895",0.000223135095665885,0.000325612527589496,0.000675772537615302,0.000173637374992623,0.000556760916073827,0.000511774639280132,0.000688888568673705,0.000441678875320871,0.000535856326871538,0.000860898440659269,0.000728141172766449,0.000369254704644026,0.000728103807357367,0.000643737694339106,0.000966483832072301,0.00127784945466994,0.00121009184405223,0.00105893948605846,0.000954501033230082,0.00148392085018126,0.000990455682595443,0.000884087477412828,0.00133039044077754,0.00109822164409515,0.00116657888175564,0.00102404342195853,0.00105569689340873,0.00113251415942117,NA,NA,NA,NA,NA,NA,NA,NA,NA,NA,NA,NA,NA,NA,NA,NA,NA,NA,NA,NA,NA,NA,NA,NA,NA
"701.63",0.000872366272273669,0.000695603170698467,0.000810563624460944,0.000533324116411461,0.000949046399869356,0.000737953832761287,0.000789699177046123,0.0009131190482721,0.000639868575760082,0.000656197449445406,0.000997872743168193,0.00127080435733685,0.00155810341302343,0.00137714561734617,0.00170933845233417,0.0012364230879333,0.00150835602957822,0.001602203756942,0.00195877621337947,0.0017871953633548,0.00201861762258621,0.00173945624361732,0.00205085946984328,0.00153224515386142,0.00116323975967558,0.0018184361981189,0.00133034608641087,NA,NA,NA,NA,NA,NA,NA,NA,NA,NA,NA,NA,NA,NA,NA,NA,NA,NA,NA,NA,NA,NA,NA,NA,NA,NA
"706.367",0.000605140891814653,0.000168580738515187,0.00018936606686411,0.000168638257486412,0.000249514967902637,0.000148829404561126,0.00037950303855025,0.000466644614853555,0.00040825001292803,0.000461116930033604,0.000981025176430979,0.000737127249932375,0.00112628749497308,0.000625084600196597,0.000903027890640012,0.00062807799770924,0.000605659159788612,0.000867469465922456,0.00106047482717682,0.0013828633821727,0.00121918910316434,0.000982448104918998,0.00100777886487262,0.00098976247202373,0.000789591155112818,0.000856806414878835,0.00102880021214326,NA,NA,NA,NA,NA,NA,NA,NA,NA,NA,NA,NA,NA,NA,NA,NA,NA,NA,NA,NA,NA,NA,NA,NA,NA,NA
"711.106",0.000476881401226599,0,0.000760596972276065,0.000332316699732732,0.000370402829940047,0.000123658333519992,0.000250393656566992,0.000347294988504846,0.000664521103755927,0.000410278892150098,0.000471421437199086,0.00051194317067769,0.000734560257306991,0.00053292134216594,0.00123659308023184,0.000577952535619289,0.000771438613160617,0.00117918557324147,0.00073462951077724,0.000698851807100531,0.000800589827359066,0.00109251203734304,0.000922909502936271,0.000724793615694063,0.00102439652228751,0.000772239952130688,0.00130484228828576,NA,NA,NA,NA,NA,NA,NA,NA,NA,NA,NA,NA,NA,NA,NA,NA,NA,NA,NA,NA,NA,NA,NA,NA,NA,NA
"715.845",0.00106697072142912,0.000937398017647314,0.000902915058802694,0.00118081532616245,0.000951652384725373,0.000918638433439529,0.000584222539850726,0.000800380807409111,0.000914165119157256,0.000939189214995304,0.000785671817616408,0.00127911090899609,0.00131824061433106,0.000802270115340193,0.00116979817882187,0.00132120391748063,0.00176605546523611,0.0010739004744082,0.00103181715386421,0.00166011893307626,0.00134212393478573,0.00167054726078465,0.00163721489985897,0.0012531210561153,0.00163836835214133,0.00105777529916201,NA,NA,NA,NA,NA,NA,NA,NA,NA,NA,NA,NA,NA,NA,NA,NA,NA,NA,NA,NA,NA,NA,NA,NA,NA,NA,NA
"720.586",2.84459136573596e-05,0.000152596372030215,0.000337291900344275,0.00022911287624747,0,0.000308230749569843,0.000482136456462305,0.0002357100669101,0.000356415532636839,0.000273442112494026,0.000576995016742625,0.000649525486331548,0.000458468707136079,0.000168823130776433,0.000410944047744705,0.000727270220064402,0.00061296437303308,0.00108076756862027,0.000764236340836561,0.00063028390845949,0.000515662426276667,0.000319893057302038,0.000899942768319898,0.000536744058912807,0.000627226861236683,0.00109932363004262,NA,NA,NA,NA,NA,NA,NA,NA,NA,NA,NA,NA,NA,NA,NA,NA,NA,NA,NA,NA,NA,NA,NA,NA,NA,NA,NA
"725.329",0,0,0.000187132159999044,0.000161906686553912,7.237789876253e-05,0.000407775390389563,0.000202001700246024,0.00034240510724557,0.000384242827410521,0.000207885658797735,0.000804097150941355,0.000486346639690845,0.000414690860103841,0.000676646985682663,0.000388333844488784,0.000690443954875157,0.000554203894626035,0.000351542639435669,0.000773089848507545,0.000563258152224901,0.000600500681577819,0.000794757961609563,0.000609321411891296,0.000440646613684951,0.000516184816452619,NA,NA,NA,NA,NA,NA,NA,NA,NA,NA,NA,NA,NA,NA,NA,NA,NA,NA,NA,NA,NA,NA,NA,NA,NA,NA,NA,NA
"730.072",0.000237679993392399,0.000222681270686594,0.000442218711898534,0,0.000287008590839305,0,0.000340566739699062,0.000387298989171106,0.000299879408996374,0.000441829654778147,0.00055714341262304,0.000400469816036032,0.000629144490477018,0.000831155936900303,0.000626993897648991,0.000916170915794414,0.000941076723818152,0.000848324821507796,0.000391272109342775,0.000409039051817319,0.000742239744983929,0.00109495734202319,0.000718934957667802,0.000438345957355885,0.000535772953472627,NA,NA,NA,NA,NA,NA,NA,NA,NA,NA,NA,NA,NA,NA,NA,NA,NA,NA,NA,NA,NA,NA,NA,NA,NA,NA,NA,NA
"734.817",0.000420224043283829,0.000713954071030952,0.000179967578283495,0.000536186253499304,0.000647266437563306,0.000402835018226311,0.000518478808250123,0.000514396093685353,0.000468746143633401,0.000673297629982886,0.000790950480756334,9.3462465251253e-05,0.000692230065322765,0.00138694443712642,0.00096474463858731,0.0008516872707704,0.000806034296912061,0.000753616774533358,0.000577178980836399,0.000905226260089396,0.000926880749339006,0.000733944902768211,0.000551109177572985,0.000609329781076057,NA,NA,NA,NA,NA,NA,NA,NA,NA,NA,NA,NA,NA,NA,NA,NA,NA,NA,NA,NA,NA,NA,NA,NA,NA,NA,NA,NA,NA
"739.563",0,0,0,0,0,4.23574000663777e-05,0.000169492578301285,0.000188821733075367,0.000225081514295728,0.000209755574867401,1.80091055616241e-07,0,0,9.16294259269916e-05,6.08535827412494e-05,0.00052867134773724,0.000290338163204306,0,0.000282632031631211,0,0.000207092474677202,3.97907945770426e-05,0.000352741648988448,0.000470313559135531,NA,NA,NA,NA,NA,NA,NA,NA,NA,NA,NA,NA,NA,NA,NA,NA,NA,NA,NA,NA,NA,NA,NA,NA,NA,NA,NA,NA,NA
"744.31",0.000310318712920101,0.000452783486760199,0.000697559525964067,0.000312817960166363,0.000153661219887635,0.000323339832954683,0.00042410549200115,0.000388992365888788,0,0.000324205115562562,0.000369888332753943,0.000264579514441152,0.00026669370254707,0.000671265318323386,0.000893209969993953,0.000382190353612525,0.000578733454215587,0.000614283955109778,0.000844649312501412,0.000862564170609804,0.000321848146559875,0.00122017798204722,0.000678791812771513,NA,NA,NA,NA,NA,NA,NA,NA,NA,NA,NA,NA,NA,NA,NA,NA,NA,NA,NA,NA,NA,NA,NA,NA,NA,NA,NA,NA,NA,NA
"749.058",0.00079571978240688,0.000845054190462068,0.000543309603012315,0.000338946679976271,0.00068852526083315,0.000477269538498355,0.000661838098888514,0.00015581033970297,0.000536148059499881,0.000557294577479946,0.000576426625540004,0.000404698486155358,0.000615653542308795,0.00110625447443273,0.000718022848144561,0.00128536983860246,0.000893170907285175,0.000927758219145042,0.00108133962740541,0.00119749890510311,0.00126657107555131,0.00145758048144152,0.00130275199373487,NA,NA,NA,NA,NA,NA,NA,NA,NA,NA,NA,NA,NA,NA,NA,NA,NA,NA,NA,NA,NA,NA,NA,NA,NA,NA,NA,NA,NA,NA
"753.808",0,1.09198865531204e-05,0,0,0,0,0,4.54323852205236e-05,0,2.25060312424523e-05,0,0,0,0.000294266242708658,0,8.28153028304801e-05,0,0.000285847223110763,0,0,0,0,NA,NA,NA,NA,NA,NA,NA,NA,NA,NA,NA,NA,NA,NA,NA,NA,NA,NA,NA,NA,NA,NA,NA,NA,NA,NA,NA,NA,NA,NA,NA
"758.558",0.000206595549212152,0,0,0.00030888222381097,0.000297549688104851,0,0.000239578975825059,0,0.00011362764026432,0.000156985902794247,6.19075412790185e-05,0.000199697462798326,0.000215781098710792,0,0.000485285401940874,0.000122587233468874,0.000677378336372746,0.000234910662205084,0.00019089201387707,4.45395981856371e-05,9.14391602250493e-05,0.000603948599879107,NA,NA,NA,NA,NA,NA,NA,NA,NA,NA,NA,NA,NA,NA,NA,NA,NA,NA,NA,NA,NA,NA,NA,NA,NA,NA,NA,NA,NA,NA,NA
"763.31",0.000108429007017013,0,0.000238377676591056,0.000358620959698371,0.000358128712344439,0.000319077861346979,0.000130905621199147,0.000321890877050698,0.000373555216986747,0.000483389380565624,0.000340256496891843,0.000401869531338648,0.000789700885295099,0.000561503808587868,0.000248171861563377,0.000661106438504749,0.000528153788570631,0.000513731897472116,0.000436001699973815,0.000273166381214323,0.000452951723310001,NA,NA,NA,NA,NA,NA,NA,NA,NA,NA,NA,NA,NA,NA,NA,NA,NA,NA,NA,NA,NA,NA,NA,NA,NA,NA,NA,NA,NA,NA,NA,NA
"768.062",1.91996321085723e-05,0,0.000496762448892226,0.000660277784369656,0.000191467907952592,0.000245093271642231,5.5692514579053e-05,8.19341471049641e-05,0,0.000322937229205803,0,0,0.000398553071886734,0.000394336589695977,0.000289211639209124,0.00034726144962191,0,7.8012573338555e-05,0.000663131948386968,0.000139778106812069,0,NA,NA,NA,NA,NA,NA,NA,NA,NA,NA,NA,NA,NA,NA,NA,NA,NA,NA,NA,NA,NA,NA,NA,NA,NA,NA,NA,NA,NA,NA,NA,NA
"772.815",0,0.000580344936270046,0,7.34526565766179e-05,0,3.97004148729288e-06,0.000158292815818489,3.43268410444738e-05,0,0,2.24709999004272e-05,0,0,0.000307515441605472,0.000122663313363297,0,0.000247443563002011,0.000135543874040452,0,0.000146024838457214,0,NA,NA,NA,NA,NA,NA,NA,NA,NA,NA,NA,NA,NA,NA,NA,NA,NA,NA,NA,NA,NA,NA,NA,NA,NA,NA,NA,NA,NA,NA,NA,NA
"777.57",6.56830339318797e-05,0.000175778168931491,0.000213155230889275,0.000149561935159081,0,0.000218855902804988,0.000643049656290803,0.000328522621999679,0.000202625609298585,0.000373454334725405,0.000353654870489053,8.17123386520736e-05,0.000750333810276799,0.000244621125553265,0.000656764556761517,0.000380276139945351,0.000271014040969624,0.000364625326640521,0.000545232057911737,0.000685775561871492,NA,NA,NA,NA,NA,NA,NA,NA,NA,NA,NA,NA,NA,NA,NA,NA,NA,NA,NA,NA,NA,NA,NA,NA,NA,NA,NA,NA,NA,NA,NA,NA,NA
"782.325",0.00132711218002341,0.000780176531900379,0.000286879249772388,0.000886210546776775,0.000739718867658167,0.000631015058670598,0.000641059445394808,0.000322689426537585,0.00038740506972178,0.000797340877137168,0.000351641752922712,0.000728518366351999,0.000656689922851269,0.000698752262300553,0.000599142314764993,0.000493506025920985,0.00108710820556517,0.000735689169152608,0.000422517740348267,0.000720813636182985,NA,NA,NA,NA,NA,NA,NA,NA,NA,NA,NA,NA,NA,NA,NA,NA,NA,NA,NA,NA,NA,NA,NA,NA,NA,NA,NA,NA,NA,NA,NA,NA,NA
"787.081",0.00108868566334919,0.000501143310582723,0.000667055405566946,0.00065000291396447,0.000745625245832373,0.00043588805958244,0.000399229202318176,0.00026945530345707,0.000124210312254033,0.000296856924173615,0.000420449050770985,0.000109024559950234,0.000566130024823346,0.000168883660166386,0.000330914797333528,0.000180156890044241,0.000750924415124922,0.000431621382170452,0.000951880928464854,NA,NA,NA,NA,NA,NA,NA,NA,NA,NA,NA,NA,NA,NA,NA,NA,NA,NA,NA,NA,NA,NA,NA,NA,NA,NA,NA,NA,NA,NA,NA,NA,NA,NA
"791.838",0.000519951353575738,0.000122085618374681,0.000216589341964733,0.000389673901042158,0.000541850326012949,0.000370273437553298,8.42433078251403e-05,1.95917119867927e-05,0.000378627150588495,0.000385751731721289,0.000344678478964203,0.000425416872841675,0.000368650325115852,0.000413349281085616,5.57555197225113e-05,0.000160794889304877,7.29089935246319e-05,0.000703079346579762,0.000775630787020222,NA,NA,NA,NA,NA,NA,NA,NA,NA,NA,NA,NA,NA,NA,NA,NA,NA,NA,NA,NA,NA,NA,NA,NA,NA,NA,NA,NA,NA,NA,NA,NA,NA,NA
"796.596",0.000327429698593476,0.000441911069280385,0.000871318570925482,0.000402184205371031,0.000133560263335811,0.000107964900526335,9.4995105701756e-06,6.57876944035869e-05,0.000174035679225442,6.19621550578281e-05,0.000484540709094795,0.000713167125222795,0.000240972429699078,0.000412248108953294,0.00108082887549575,0.000914397879443661,0.000808799568172198,0.000664318193270207,NA,NA,NA,NA,NA,NA,NA,NA,NA,NA,NA,NA,NA,NA,NA,NA,NA,NA,NA,NA,NA,NA,NA,NA,NA,NA,NA,NA,NA,NA,NA,NA,NA,NA,NA
"801.355",0,0.000354483449618951,0.000136699143904478,0,0.000353573825044642,8.9612383722207e-05,3.55944423387458e-05,0,0.000354922604020808,9.44595359921638e-05,0.000226568505889054,0,0.000242407393954377,0,0,0.000421021029941743,0,4.10798591798115e-05,NA,NA,NA,NA,NA,NA,NA,NA,NA,NA,NA,NA,NA,NA,NA,NA,NA,NA,NA,NA,NA,NA,NA,NA,NA,NA,NA,NA,NA,NA,NA,NA,NA,NA,NA
"806.114",0,0,0.000141477567354695,0,0,0,0.000156250320614229,0.000165234548084174,0.000259343094179832,2.82945424550392e-05,0,0.000245177879721118,0.000238090529404884,0.000211323735008348,0.000429642897970278,0,0.000244389567262453,NA,NA,NA,NA,NA,NA,NA,NA,NA,NA,NA,NA,NA,NA,NA,NA,NA,NA,NA,NA,NA,NA,NA,NA,NA,NA,NA,NA,NA,NA,NA,NA,NA,NA,NA,NA
"810.875",0.00029479031270132,6.98444906939078e-05,0,0.000401932576773083,0,0,0,0.000199716378921704,0,0,0.000257951846393751,0,0,0.000236800333403309,0,0,0.000278256702045579,NA,NA,NA,NA,NA,NA,NA,NA,NA,NA,NA,NA,NA,NA,NA,NA,NA,NA,NA,NA,NA,NA,NA,NA,NA,NA,NA,NA,NA,NA,NA,NA,NA,NA,NA,NA
"815.635",0.000330936166062432,0,3.41513939909804e-05,0.000164457613769368,0.000127135062263639,0,0.000145273787859437,0,0,0,0,2.53501735534614e-05,0,5.4980507010183e-05,0,0.000117018300036155,NA,NA,NA,NA,NA,NA,NA,NA,NA,NA,NA,NA,NA,NA,NA,NA,NA,NA,NA,NA,NA,NA,NA,NA,NA,NA,NA,NA,NA,NA,NA,NA,NA,NA,NA,NA,NA
"820.397",0,0.000102233813844038,0.000356527684500108,8.23269481190204e-05,0.000309783640630537,0,0,9.62799254779241e-05,0.000158430003012222,5.04704413820737e-05,0.00010122474915545,0.000249572784577396,0,0.000351075348591826,0.000372405950338792,0,NA,NA,NA,NA,NA,NA,NA,NA,NA,NA,NA,NA,NA,NA,NA,NA,NA,NA,NA,NA,NA,NA,NA,NA,NA,NA,NA,NA,NA,NA,NA,NA,NA,NA,NA,NA,NA
"825.159",0.00101075114746188,0.000853986860972538,0.000527398711071552,0.000584790466404338,0.000238205469348523,0.000565808581497352,0.000211134983701807,0.000290972256120817,9.83117791602911e-05,0.000138080838726002,0.00034492658519409,0.000186816539145266,0.000527326446280347,0.000101543419235544,0.000404842404270195,NA,NA,NA,NA,NA,NA,NA,NA,NA,NA,NA,NA,NA,NA,NA,NA,NA,NA,NA,NA,NA,NA,NA,NA,NA,NA,NA,NA,NA,NA,NA,NA,NA,NA,NA,NA,NA,NA
