Datetime,Time (rel/ms),Date,Time,Type,No.,1:F,1:Fm',1:PAR,1:Y (II),1:ETR,1:Fo,1:Fm,1:Fv/Fm
,0,,,D,,"Device Nr: #1, JUNIOR-PAM-II (CFMG0361A) ",,,,,,,
2022-04-03 14:41:30,0,2022-04-03,14:41:30,FO,1,1,700,0,-,-,1,700,0.999
2022-04-03 14:42:18,47714,2022-04-03,14:42:17,FO,2,-4,322,0,-,-,-4,322,1.012
2022-04-03 14:45:41,250579,2022-04-03,14:45:40,FO,3,5,247,0,-,-,5,247,0.98
2022-04-03 14:48:27,417266,2022-04-03,14:48:27,FO,4,-1,365,0,-,-,-1,365,1.003
2022-04-03 14:51:53,623262,2022-04-03,14:51:53,FO,5,3,153,0,-,-,3,153,0.98
2022-04-03 14:52:18,648252,2022-04-03,14:52:18,FO,6,19,241,0,0.921,0,19,241,0.921
2022-04-03 14:52:45,674605,2022-04-03,14:52:44,FO,7,4,106,0,-,-,4,106,0.962
2022-04-03 14:54:06,756225,2022-04-03,14:54:06,FO,8,0,326,0,-,-,0,326,1
2022-04-03 14:57:00,929721,2022-04-03,14:56:59,FO,9,3,209,0,-,-,3,209,0.986
2022-04-03 15:17:30,2160238,2022-04-03,15:17:30,FO,10,4,342,0,-,-,4,342,0.988
2022-04-03 15:18:48,2238406,2022-04-03,15:18:48,FO,11,-3,372,0,-,-,-3,372,1.008
2022-04-03 15:22:12,2442062,2022-04-03,15:22:12,FO,12,41,175,0,0.766,0,41,175,0.766
2022-04-03 15:23:33,2523381,2022-04-03,15:23:33,SLCS,,Light Curve start ,,,,,,,
2022-04-03 15:23:33,2523381,2022-04-03,15:23:33,REG1,,"#1: alpha: - , ETRm: - , Ik: -   ( beta: - 0.033, ETRmPot: 119.195 ) ",,,,,,,
2022-04-03 15:23:33,2523381,2022-04-03,15:23:33,REG2,,"#1: alpha: 0.195, ETRm: 182.743, Ik: 938.646 ",,,,,,,
2022-04-03 15:23:35,2525113,2022-04-03,15:23:35,FO,13,29,114,0,0.746,0,29,114,0.746
2022-04-03 15:23:45,2535411,2022-04-03,15:23:45,F,14,45,115,125,0.609,32,29,114,0.746
2022-04-03 15:23:56,2545710,2022-04-03,15:23:55,F,15,44,104,190,0.577,46,29,114,0.746
2022-04-03 15:24:06,2556006,2022-04-03,15:24:06,F,16,50,98,285,0.49,58.7,29,114,0.746
2022-04-03 15:24:16,2566302,2022-04-03,15:24:16,F,17,49,89,420,0.449,79.2,29,114,0.746
2022-04-03 15:24:27,2576602,2022-04-03,15:24:26,F,18,49,78,625,0.372,97.7,29,114,0.746
2022-04-03 15:24:37,2586904,2022-04-03,15:24:36,F,19,43,66,845,0.348,123.5,29,114,0.746
2022-04-03 15:24:47,2597204,2022-04-03,15:24:47,F,20,39,58,1150,0.328,158.4,29,114,0.746
2022-04-03 15:24:58,2607501,2022-04-03,15:24:57,F,21,38,52,1500,0.269,169.5,29,114,0.746
2022-04-03 15:25:01,2610683,2022-04-03,15:25:00,SLCE,,Light Curve end ,,,,,,,
2022-04-03 15:33:59,3148944,2022-04-03,15:33:58,SLCS,,Light Curve start ,,,,,,,
2022-04-03 15:33:59,3148944,2022-04-03,15:33:58,REG1,,"#1: alpha: - , ETRm: - , Ik: -   ( beta: - 0.015, ETRmPot: 35.892 ) ",,,,,,,
2022-04-03 15:33:59,3148944,2022-04-03,15:33:58,REG2,,"#1: alpha: 0.202, ETRm: 55.670, Ik: 274.933 ",,,,,,,
2022-04-03 15:34:01,3150720,2022-04-03,15:34:00,FO,22,96,446,0,0.785,0,96,446,0.785
2022-04-03 15:34:11,3161025,2022-04-03,15:34:11,F,23,189,463,125,0.592,31.1,96,446,0.785
2022-04-03 15:34:21,3171324,2022-04-03,15:34:21,F,24,234,430,190,0.456,36.4,96,446,0.785
2022-04-03 15:34:32,3181623,2022-04-03,15:34:31,F,25,236,351,285,0.328,39.3,96,446,0.785
2022-04-03 15:34:42,3191918,2022-04-03,15:34:41,F,26,204,271,420,0.247,43.6,96,446,0.785
2022-04-03 15:34:52,3202213,2022-04-03,15:34:52,F,27,173,213,625,0.188,49.4,96,446,0.785
2022-04-03 15:35:03,3212521,2022-04-03,15:35:02,F,28,149,173,845,0.139,49.3,96,446,0.785
2022-04-03 15:35:13,3222815,2022-04-03,15:35:12,F,29,134,152,1150,0.118,57,96,446,0.785
2022-04-03 15:35:23,3233113,2022-04-03,15:35:23,F,30,120,135,1500,0.111,69.9,96,446,0.785
2022-04-03 15:35:26,3236347,2022-04-03,15:35:26,SLCE,,Light Curve end ,,,,,,,
2022-04-03 15:36:35,3304974,2022-04-03,15:36:34,SLCS,,Light Curve start ,,,,,,,
2022-04-03 15:36:35,3304974,2022-04-03,15:36:34,REG1,,"#1: alpha: - , ETRm: - , Ik: -   ( beta: - 0.040, ETRmPot: 45.530 ) ",,,,,,,
2022-04-03 15:36:35,3304974,2022-04-03,15:36:34,REG2,,"#1: alpha: 0.207, ETRm: 93.962, Ik: 453.595 ",,,,,,,
2022-04-03 15:36:37,3306699,2022-04-03,15:36:36,FO,31,76,326,0,0.767,0,76,326,0.767
2022-04-03 15:36:47,3317004,2022-04-03,15:36:47,F,32,118,326,66,0.638,17.7,76,326,0.767
2022-04-03 15:36:57,3327298,2022-04-03,15:36:57,F,33,121,316,90,0.617,23.3,76,326,0.767
2022-04-03 15:37:08,3337596,2022-04-03,15:37:07,F,34,130,297,125,0.562,29.5,76,326,0.767
2022-04-03 15:37:18,3347895,2022-04-03,15:37:17,F,35,121,242,190,0.5,39.9,76,326,0.767
2022-04-03 15:37:28,3358196,2022-04-03,15:37:28,F,36,114,200,285,0.43,51.5,76,326,0.767
2022-04-03 15:37:39,3368499,2022-04-03,15:37:38,F,37,105,163,420,0.356,62.8,76,326,0.767
2022-04-03 15:37:49,3378793,2022-04-03,15:37:48,F,38,94,133,625,0.293,76.9,76,326,0.767
2022-04-03 15:37:59,3389090,2022-04-03,15:37:59,F,39,81,111,845,0.27,95.8,76,326,0.767
2022-04-03 15:38:02,3392133,2022-04-03,15:38:02,SLCE,,Light Curve end ,,,,,,,
2022-04-03 15:39:50,3500016,2022-04-03,15:39:50,SLCS,,Light Curve start ,,,,,,,
2022-04-03 15:39:50,3500016,2022-04-03,15:39:50,REG1,,"#1: alpha: - , ETRm: - , Ik: -   ( beta: - 0.047, ETRmPot: 51.053 ) ",,,,,,,
2022-04-03 15:39:50,3500016,2022-04-03,15:39:50,REG2,,"#1: alpha: 0.209, ETRm: 115.571, Ik: 552.810 ",,,,,,,
2022-04-03 15:39:52,3501672,2022-04-03,15:39:51,FO,40,49,242,0,0.798,0,49,242,0.798
2022-04-03 15:40:02,3511980,2022-04-03,15:40:01,F,41,73,225,66,0.676,18.7,49,242,0.798
2022-04-03 15:40:12,3522274,2022-04-03,15:40:12,F,42,74,204,90,0.637,24.1,49,242,0.798
2022-04-03 15:40:23,3532575,2022-04-03,15:40:22,F,43,69,164,125,0.579,30.4,49,242,0.798
2022-04-03 15:40:33,3542868,2022-04-03,15:40:32,F,44,64,133,190,0.519,41.4,49,242,0.798
2022-04-03 15:40:43,3553173,2022-04-03,15:40:43,F,45,64,119,285,0.462,55.3,49,242,0.798
2022-04-03 15:40:53,3563468,2022-04-03,15:40:53,F,46,61,97,420,0.371,65.4,49,242,0.798
2022-04-03 15:41:04,3573768,2022-04-03,15:41:03,F,47,48,74,625,0.351,92.1,49,242,0.798
2022-04-03 15:41:14,3584071,2022-04-03,15:41:14,F,48,43,62,845,0.306,108.6,49,242,0.798
2022-04-03 15:41:17,3587334,2022-04-03,15:41:17,SLCE,,Light Curve end ,,,,,,,
2022-04-03 15:43:05,3695327,2022-04-03,15:43:05,SLCS,,Light Curve start ,,,,,,,
2022-04-03 15:43:05,3695327,2022-04-03,15:43:05,REG1,,"#1: alpha: - , ETRm: - , Ik: -   ( beta: - 0.024, ETRmPot: 31.159 ) ",,,,,,,
2022-04-03 15:43:05,3695327,2022-04-03,15:43:05,REG2,,"#1: alpha: 0.197, ETRm: 53.723, Ik: 273.239 ",,,,,,,
2022-04-03 15:43:07,3697047,2022-04-03,15:43:07,FO,49,104,410,0,0.746,0,104,410,0.746
2022-04-03 15:43:17,3707350,2022-04-03,15:43:17,F,50,153,399,66,0.617,17.1,104,410,0.746
2022-04-03 15:43:28,3717645,2022-04-03,15:43:27,F,51,149,358,90,0.584,22.1,104,410,0.746
2022-04-03 15:43:38,3727942,2022-04-03,15:43:37,F,52,149,295,125,0.495,26,104,410,0.746
2022-04-03 15:43:48,3738245,2022-04-03,15:43:48,F,53,138,227,190,0.392,31.3,104,410,0.746
2022-04-03 15:43:59,3748546,2022-04-03,15:43:58,F,54,122,177,285,0.311,37.2,104,410,0.746
2022-04-03 15:44:09,3758842,2022-04-03,15:44:08,F,55,109,146,420,0.253,44.6,104,410,0.746
2022-04-03 15:44:19,3769142,2022-04-03,15:44:19,F,56,104,128,625,0.188,49.4,104,410,0.746
2022-04-03 15:44:29,3779439,2022-04-03,15:44:29,F,57,96,116,845,0.172,61,104,410,0.746
2022-04-03 15:44:32,3782475,2022-04-03,15:44:32,SLCE,,Light Curve end ,,,,,,,
2022-04-03 15:45:31,3841461,2022-04-03,15:45:31,SLCS,,Light Curve start ,,,,,,,
2022-04-03 15:45:31,3841461,2022-04-03,15:45:31,REG1,,"#1: alpha: - , ETRm: - , Ik: -   ( beta: - 0.036, ETRmPot: 29.691 ) ",,,,,,,
2022-04-03 15:45:31,3841461,2022-04-03,15:45:31,REG2,,"#1: alpha: 0.177, ETRm: 77.289, Ik: 437.072 ",,,,,,,
2022-04-03 15:45:33,3843129,2022-04-03,15:45:33,FO,58,90,399,0,0.774,0,90,399,0.774
2022-04-03 15:45:43,3853418,2022-04-03,15:45:43,F,59,136,395,66,0.656,18.2,90,399,0.774
2022-04-03 15:45:54,3863725,2022-04-03,15:45:53,F,60,135,386,90,0.65,24.6,90,399,0.774
2022-04-03 15:46:04,3874023,2022-04-03,15:46:04,F,61,158,350,125,0.549,28.8,90,399,0.774
2022-04-03 15:46:14,3884327,2022-04-03,15:46:14,F,62,159,276,190,0.424,33.8,90,399,0.774
2022-04-03 15:46:25,3894626,2022-04-03,15:46:24,F,63,132,203,285,0.35,41.9,90,399,0.774
2022-04-03 15:46:35,3904923,2022-04-03,15:46:34,F,64,114,157,420,0.274,48.3,90,399,0.774
2022-04-03 15:46:45,3915219,2022-04-03,15:46:45,F,65,104,137,625,0.241,63.3,90,399,0.774
2022-04-03 15:46:56,3925519,2022-04-03,15:46:55,F,66,103,134,845,0.231,82,90,399,0.774
2022-04-03 15:46:58,3928383,2022-04-03,15:46:58,SLCE,,Light Curve end ,,,,,,,
2022-04-03 15:48:02,3991879,2022-04-03,15:48:01,SLCS,,Light Curve start ,,,,,,,
2022-04-03 15:48:02,3991879,2022-04-03,15:48:01,REG1,,"#1: alpha: - , ETRm: - , Ik: -   ( beta: - 0.028, ETRmPot: 37.304 ) ",,,,,,,
2022-04-03 15:48:02,3991879,2022-04-03,15:48:01,REG2,,"#1: alpha: 0.210, ETRm: 63.985, Ik: 304.648 ",,,,,,,
2022-04-03 15:48:04,3993611,2022-04-03,15:48:03,FO,67,90,411,0,0.781,0,90,411,0.781
2022-04-03 15:48:14,4003910,2022-04-03,15:48:13,F,68,132,407,66,0.676,18.7,90,411,0.781
2022-04-03 15:48:24,4014204,2022-04-03,15:48:24,F,69,153,366,90,0.582,22,90,411,0.781
2022-04-03 15:48:35,4024504,2022-04-03,15:48:34,F,70,146,311,125,0.531,27.9,90,411,0.781
2022-04-03 15:48:45,4034808,2022-04-03,15:48:44,F,71,147,268,190,0.451,36,90,411,0.781
2022-04-03 15:48:55,4045109,2022-04-03,15:48:55,F,72,145,227,285,0.361,43.2,90,411,0.781
2022-04-03 15:49:05,4055398,2022-04-03,15:49:05,F,73,140,198,420,0.293,51.7,90,411,0.781
2022-04-03 15:49:16,4065701,2022-04-03,15:49:15,F,74,136,174,625,0.218,57.2,90,411,0.781
2022-04-03 15:49:26,4076005,2022-04-03,15:49:26,F,75,127,159,845,0.201,71.3,90,411,0.781
2022-04-03 15:49:29,4078922,2022-04-03,15:49:28,SLCE,,Light Curve end ,,,,,,,
2022-04-03 15:51:47,4216646,2022-04-03,15:51:46,SLCS,,Light Curve start ,6,,,,,,
2022-04-03 15:51:47,4216646,2022-04-03,15:51:46,REG1,,"#1: alpha: - , ETRm: - , Ik: -   ( beta: - 0.018, ETRmPot: 44.482 ) ",,,,,,,
2022-04-03 15:51:47,4216646,2022-04-03,15:51:46,REG2,,"#1: alpha: 0.225, ETRm: 58.459, Ik: 260.178 ",,,,,,,
2022-04-03 15:51:48,4218384,2022-04-03,15:51:48,FO,76,105,365,0,0.712,0,105,365,0.712
2022-04-03 15:51:59,4228681,2022-04-03,15:51:58,F,77,148,355,66,0.583,16.2,105,365,0.712
2022-04-03 15:52:09,4238983,2022-04-03,15:52:08,F,78,147,347,90,0.576,21.8,105,365,0.712
2022-04-03 15:52:19,4249274,2022-04-03,15:52:19,F,79,154,342,125,0.55,28.9,105,365,0.712
2022-04-03 15:52:30,4259571,2022-04-03,15:52:29,F,80,177,329,190,0.462,36.9,105,365,0.712
2022-04-03 15:52:40,4269875,2022-04-03,15:52:39,F,81,193,301,285,0.359,43,105,365,0.712
2022-04-03 15:52:50,4280176,2022-04-03,15:52:50,F,82,188,262,420,0.282,49.7,105,365,0.712
2022-04-03 15:53:00,4290469,2022-04-03,15:53:00,F,83,175,224,625,0.219,57.5,105,365,0.712
2022-04-03 15:53:11,4300765,2022-04-03,15:53:10,F,84,159,193,845,0.176,62.5,105,365,0.712
2022-04-03 15:53:13,4303259,2022-04-03,15:53:13,SLCE,,Light Curve end ,,,,,,,
2022-04-03 15:53:55,4344570,2022-04-03,15:53:54,SLCS,,Light Curve start ,,,,,,,
2022-04-03 15:53:55,4344570,2022-04-03,15:53:54,REG1,,"#1: alpha: - , ETRm: - , Ik: -   ( beta: - 0.039, ETRmPot: 44.655 ) ",,,,,,,
2022-04-03 15:53:55,4344570,2022-04-03,15:53:54,REG2,,"#1: alpha: 0.209, ETRm: 90.222, Ik: 431.646 ",,,,,,,
2022-04-03 15:53:56,4346266,2022-04-03,15:53:56,FO,85,47,198,0,0.763,0,47,198,0.763
2022-04-03 15:54:07,4356565,2022-04-03,15:54:06,F,86,75,192,66,0.609,16.9,47,198,0.763
2022-04-03 15:54:17,4366864,2022-04-03,15:54:16,F,87,71,186,90,0.618,23.4,47,198,0.763
2022-04-03 15:54:27,4377163,2022-04-03,15:54:27,F,88,73,176,125,0.585,30.7,47,198,0.763
2022-04-03 15:54:37,4387457,2022-04-03,15:54:37,F,89,81,162,190,0.5,39.9,47,198,0.763
2022-04-03 15:54:48,4397753,2022-04-03,15:54:47,F,90,84,146,285,0.425,50.9,47,198,0.763
2022-04-03 15:54:58,4408054,2022-04-03,15:54:58,F,91,84,129,420,0.349,61.6,47,198,0.763
2022-04-03 15:55:08,4418353,2022-04-03,15:55:08,F,92,80,112,625,0.286,75.1,47,198,0.763
2022-04-03 15:55:19,4428650,2022-04-03,15:55:18,F,93,73,99,845,0.263,93.3,47,198,0.763
2022-04-03 15:55:22,4431903,2022-04-03,15:55:21,SLCE,,Light Curve end ,,,,,,,
2022-04-03 15:57:39,4568539,2022-04-03,15:57:38,SLCS,,Light Curve start ,,,,,,,
2022-04-03 15:57:39,4568539,2022-04-03,15:57:38,REG1,,"#1: alpha: - , ETRm: - , Ik: -   ( beta: - 0.006, ETRmPot: 83.169 ) ",,,,,,,
2022-04-03 15:57:39,4568539,2022-04-03,15:57:38,REG2,,"#1: alpha: 0.259, ETRm: 83.126, Ik: 321.034 ",,,,,,,
2022-04-03 15:57:40,4570235,2022-04-03,15:57:40,FO,94,71,307,0,0.769,0,71,307,0.769
2022-04-03 15:57:51,4580537,2022-04-03,15:57:50,F,95,116,296,66,0.608,16.9,71,307,0.769
2022-04-03 15:58:01,4590831,2022-04-03,15:58:00,F,96,102,284,90,0.641,24.2,71,307,0.769
2022-04-03 15:58:11,4601134,2022-04-03,15:58:11,F,97,106,277,125,0.617,32.4,71,307,0.769
2022-04-03 15:58:21,4611430,2022-04-03,15:58:21,F,98,114,269,190,0.576,46,71,307,0.769
2022-04-03 15:58:32,4621727,2022-04-03,15:58:31,F,99,135,261,285,0.483,57.8,71,307,0.769
2022-04-03 15:58:42,4632029,2022-04-03,15:58:42,F,100,152,248,420,0.387,68.3,71,307,0.769
2022-04-03 15:58:52,4642324,2022-04-03,15:58:52,F,101,161,230,625,0.3,78.8,71,307,0.769
2022-04-03 15:59:03,4652620,2022-04-03,15:59:02,F,102,158,208,845,0.24,85.2,71,307,0.769
2022-04-03 15:59:05,4655464,2022-04-03,15:59:05,SLCE,,Light Curve end ,,,,,,,
2022-04-03 15:59:44,4694284,2022-04-03,15:59:44,SLCS,,Light Curve start ,,,,,,,
2022-04-03 15:59:44,4694284,2022-04-03,15:59:44,REG1,,"#1: alpha: - , ETRm: - , Ik: -   ( beta: - 0.023, ETRmPot: 38.170 ) ",,,,,,,
2022-04-03 15:59:44,4694284,2022-04-03,15:59:44,REG2,,"#1: alpha: 0.223, ETRm: 57.778, Ik: 258.941 ",,,,,,,
2022-04-03 15:59:46,4696015,2022-04-03,15:59:46,FO,103,134,458,0,0.707,0,134,458,0.707
2022-04-03 15:59:56,4706318,2022-04-03,15:59:56,F,104,186,434,66,0.571,15.8,134,458,0.707
2022-04-03 16:00:07,4716608,2022-04-03,16:00:06,F,105,179,412,90,0.566,21.4,134,458,0.707
2022-04-03 16:00:17,4726907,2022-04-03,16:00:16,F,106,175,392,125,0.554,29.1,134,458,0.707
2022-04-03 16:00:27,4737211,2022-04-03,16:00:27,F,107,185,361,190,0.488,38.9,134,458,0.707
2022-04-03 16:00:38,4747512,2022-04-03,16:00:37,F,108,205,314,285,0.347,41.5,134,458,0.707
2022-04-03 16:00:48,4757812,2022-04-03,16:00:47,F,109,191,259,420,0.263,46.4,134,458,0.707
2022-04-03 16:00:58,4768101,2022-04-03,16:00:58,F,110,168,214,625,0.215,56.4,134,458,0.707
2022-04-03 16:01:08,4778410,2022-04-03,16:01:08,F,111,149,182,845,0.181,64.2,134,458,0.707
2022-04-03 16:01:11,4780859,2022-04-03,16:01:10,SLCE,,Light Curve end ,,,,,,,
2022-04-03 16:02:25,4855326,2022-04-03,16:02:25,SLCS,,Light Curve start ,,,,,,,
2022-04-03 16:02:25,4855326,2022-04-03,16:02:25,REG1,,"#1: alpha: - , ETRm: - , Ik: -   ( beta: - 0.013, ETRmPot: 48.188 ) ",,,,,,,
2022-04-03 16:02:25,4855326,2022-04-03,16:02:25,REG2,,"#1: alpha: 0.223, ETRm: 57.187, Ik: 256.537 ",,,,,,,
2022-04-03 16:02:27,4856990,2022-04-03,16:02:26,FO,112,123,438,0,0.719,0,123,438,0.719
2022-04-03 16:02:37,4867289,2022-04-03,16:02:37,F,113,194,432,66,0.551,15.3,123,438,0.719
2022-04-03 16:02:48,4877587,2022-04-03,16:02:47,F,114,183,418,90,0.562,21.2,123,438,0.719
2022-04-03 16:02:58,4887888,2022-04-03,16:02:57,F,115,188,404,125,0.535,28.1,123,438,0.719
2022-04-03 16:03:08,4898189,2022-04-03,16:03:08,F,116,204,374,190,0.455,36.3,123,438,0.719
2022-04-03 16:03:18,4908489,2022-04-03,16:03:18,F,117,207,324,285,0.361,43.2,123,438,0.719
2022-04-03 16:03:29,4918784,2022-04-03,16:03:28,F,118,194,270,420,0.281,49.6,123,438,0.719
2022-04-03 16:03:39,4929085,2022-04-03,16:03:39,F,119,175,223,625,0.215,56.4,123,438,0.719
2022-04-03 16:03:49,4939385,2022-04-03,16:03:49,F,120,156,188,845,0.17,60.3,123,438,0.719
2022-04-03 16:03:52,4942227,2022-04-03,16:03:52,SLCE,,Light Curve end ,,,,,,,
2022-04-03 16:04:27,4976947,2022-04-03,16:04:26,SLCS,,Light Curve start ,,,,,,,
2022-04-03 16:04:27,4976947,2022-04-03,16:04:26,REG1,,"#1: alpha: - , ETRm: - , Ik: -   ( beta: - 0.058, ETRmPot: 61.399 ) ",,,,,,,
2022-04-03 16:04:27,4976947,2022-04-03,16:04:26,REG2,,"#1: alpha: 0.240, ETRm: 147.989, Ik: 617.710 ",,,,,,,
2022-04-03 16:04:29,4978774,2022-04-03,16:04:28,FO,121,28,148,0,0.811,0,28,148,0.811
2022-04-03 16:04:39,4989074,2022-04-03,16:04:39,F,122,44,141,66,0.688,19.1,28,148,0.811
2022-04-03 16:04:49,4999372,2022-04-03,16:04:49,F,123,38,135,90,0.719,27.2,28,148,0.811
2022-04-03 16:05:00,5009675,2022-04-03,16:04:59,F,124,45,135,125,0.667,35,28,148,0.811
2022-04-03 16:05:10,5019971,2022-04-03,16:05:09,F,125,50,123,190,0.593,47.3,28,148,0.811
2022-04-03 16:05:20,5030269,2022-04-03,16:05:20,F,126,52,113,285,0.54,64.6,28,148,0.811
2022-04-03 16:05:31,5040565,2022-04-03,16:05:30,F,127,54,101,420,0.465,82,28,148,0.811
2022-04-03 16:05:41,5050873,2022-04-03,16:05:40,F,128,52,88,625,0.409,107.4,28,148,0.811
2022-04-03 16:05:51,5061171,2022-04-03,16:05:51,F,129,49,79,845,0.38,134.9,28,148,0.811
2022-04-03 16:05:54,5064288,2022-04-03,16:05:54,SLCE,,Light Curve end ,,,,,,,
2022-04-03 16:06:46,5116051,2022-04-03,16:06:46,SLCS,,Light Curve start ,,,,,,,
2022-04-03 16:06:46,5116051,2022-04-03,16:06:46,REG1,,"#1: alpha: - , ETRm: - , Ik: -   ( beta: - 0.023, ETRmPot: 37.948 ) ",,,,,,,
2022-04-03 16:06:46,5116051,2022-04-03,16:06:46,REG2,,"#1: alpha: 0.201, ETRm: 58.924, Ik: 293.636 ",,,,,,,
2022-04-03 16:06:48,5117758,2022-04-03,16:06:47,FO,130,65,344,0,0.811,0,65,344,0.811
2022-04-03 16:06:58,5128061,2022-04-03,16:06:58,F,131,109,324,66,0.664,18.4,65,344,0.811
2022-04-03 16:07:08,5138359,2022-04-03,16:07:08,F,132,125,303,90,0.587,22.2,65,344,0.811
2022-04-03 16:07:19,5148651,2022-04-03,16:07:18,F,133,134,271,125,0.506,26.6,65,344,0.811
2022-04-03 16:07:29,5158958,2022-04-03,16:07:28,F,134,137,232,190,0.409,32.6,65,344,0.811
2022-04-03 16:07:39,5169253,2022-04-03,16:07:39,F,135,132,197,285,0.33,39.5,65,344,0.811
2022-04-03 16:07:50,5179543,2022-04-03,16:07:49,F,136,125,172,420,0.273,48.2,65,344,0.811
2022-04-03 16:08:00,5189853,2022-04-03,16:07:59,F,137,118,151,625,0.219,57.5,65,344,0.811
2022-04-03 16:08:10,5200144,2022-04-03,16:08:10,F,138,112,136,845,0.176,62.5,65,344,0.811
2022-04-03 16:08:13,5203317,2022-04-03,16:08:13,SLCE,,Light Curve end ,,,,,,,
2022-04-03 16:10:02,5311668,2022-04-03,16:10:01,SLCS,,Light Curve start ,,,,,,,
2022-04-03 16:10:02,5311668,2022-04-03,16:10:01,REG1,,"#1: alpha: - , ETRm: - , Ik: -   ( beta: - 0.024, ETRmPot: 37.882 ) ",,,,,,,
2022-04-03 16:10:02,5311668,2022-04-03,16:10:01,REG2,,"#1: alpha: 0.240, ETRm: 57.103, Ik: 237.642 ",,,,,,,
2022-04-03 16:10:03,5313335,2022-04-03,16:10:03,FO,139,87,369,0,0.764,0,87,369,0.764
2022-04-03 16:10:14,5323631,2022-04-03,16:10:13,F,140,134,367,66,0.635,17.6,87,369,0.764
2022-04-03 16:10:24,5333929,2022-04-03,16:10:23,F,141,130,346,90,0.624,23.6,87,369,0.764
2022-04-03 16:10:34,5344224,2022-04-03,16:10:34,F,142,131,313,125,0.581,30.5,87,369,0.764
2022-04-03 16:10:45,5354524,2022-04-03,16:10:44,F,143,139,263,190,0.471,37.6,87,369,0.764
2022-04-03 16:10:55,5364828,2022-04-03,16:10:54,F,144,133,208,285,0.361,43.2,87,369,0.764
2022-04-03 16:11:05,5375124,2022-04-03,16:11:05,F,145,121,168,420,0.28,49.4,87,369,0.764
2022-04-03 16:11:15,5385425,2022-04-03,16:11:15,F,146,111,139,625,0.201,52.8,87,369,0.764
2022-04-03 16:11:26,5395722,2022-04-03,16:11:25,F,147,97,119,845,0.185,65.7,87,369,0.764
2022-04-03 16:11:28,5398135,2022-04-03,16:11:28,SLCE,,Light Curve end ,,,,,,,
2022-04-03 16:12:13,5442571,2022-04-03,16:12:12,SLCS,,Light Curve start ,,,,,,,
2022-04-03 16:12:13,5442571,2022-04-03,16:12:12,REG1,,"#1: alpha: - , ETRm: - , Ik: -   ( beta: - 0.019, ETRmPot: 22.030 ) ",,,,,,,
2022-04-03 16:12:13,5442571,2022-04-03,16:12:12,REG2,,"#1: alpha: 0.232, ETRm: 35.581, Ik: 153.441 ",,,,,,,
2022-04-03 16:12:14,5444310,2022-04-03,16:12:14,FO,148,91,444,0,0.795,0,91,444,0.795
2022-04-03 16:12:25,5454612,2022-04-03,16:12:24,F,149,161,429,66,0.625,17.3,91,444,0.795
2022-04-03 16:12:35,5464908,2022-04-03,16:12:34,F,150,165,384,90,0.57,21.5,91,444,0.795
2022-04-03 16:12:45,5475208,2022-04-03,16:12:45,F,151,167,312,125,0.465,24.4,91,444,0.795
2022-04-03 16:12:56,5485510,2022-04-03,16:12:55,F,152,173,259,190,0.332,26.5,91,444,0.795
2022-04-03 16:13:06,5495806,2022-04-03,16:13:05,F,153,165,217,285,0.24,28.7,91,444,0.795
2022-04-03 16:13:16,5506109,2022-04-03,16:13:16,F,154,156,188,420,0.17,30,91,444,0.795
2022-04-03 16:13:26,5516407,2022-04-03,16:13:26,F,155,144,166,625,0.133,34.9,91,444,0.795
2022-04-03 16:13:37,5526708,2022-04-03,16:13:36,F,156,133,153,845,0.131,46.5,91,444,0.795
2022-04-03 16:13:40,5529986,2022-04-03,16:13:39,SLCE,,Light Curve end ,,,,,,,
2022-04-03 16:14:35,5585157,2022-04-03,16:14:35,SLCS,,Light Curve start ,,,,,,,
2022-04-03 16:14:35,5585157,2022-04-03,16:14:35,REG1,,"#1: alpha: - , ETRm: - , Ik: -   ( beta: - 0.021, ETRmPot: 30.809 ) ",,,,,,,
2022-04-03 16:14:35,5585157,2022-04-03,16:14:35,REG2,,"#1: alpha: 0.169, ETRm: 50.081, Ik: 296.481 ",,,,,,,
2022-04-03 16:14:37,5586897,2022-04-03,16:14:36,FO,157,96,415,0,0.769,0,96,415,0.769
2022-04-03 16:14:47,5597198,2022-04-03,16:14:47,F,158,153,392,66,0.61,16.9,96,415,0.769
2022-04-03 16:14:57,5607490,2022-04-03,16:14:57,F,159,170,330,90,0.485,18.3,96,415,0.769
2022-04-03 16:15:08,5617794,2022-04-03,16:15:07,F,160,151,264,125,0.428,22.5,96,415,0.769
2022-04-03 16:15:18,5628095,2022-04-03,16:15:18,F,161,140,216,190,0.352,28.1,96,415,0.769
2022-04-03 16:15:28,5638390,2022-04-03,16:15:28,F,162,133,182,285,0.269,32.2,96,415,0.769
2022-04-03 16:15:39,5648691,2022-04-03,16:15:38,F,163,125,163,420,0.233,41.1,96,415,0.769
2022-04-03 16:15:49,5658991,2022-04-03,16:15:49,F,164,118,145,625,0.186,48.8,96,415,0.769
2022-04-03 16:15:59,5669286,2022-04-03,16:15:59,F,165,113,133,845,0.15,53.2,96,415,0.769
2022-04-03 16:16:02,5671729,2022-04-03,16:16:01,SLCE,,Light Curve end ,,,,,,,
2022-04-03 16:17:56,5785884,2022-04-03,16:17:55,SLCS,,Light Curve start ,,,,,,,
2022-04-03 16:17:56,5785884,2022-04-03,16:17:55,REG1,,"#1: alpha: - , ETRm: - , Ik: -   ( beta: - 0.027, ETRmPot: 37.871 ) ",,,,,,,
2022-04-03 16:17:56,5785884,2022-04-03,16:17:55,REG2,,"#1: alpha: 0.218, ETRm: 62.775, Ik: 287.613 ",,,,,,,
2022-04-03 16:17:58,5787667,2022-04-03,16:17:57,FO,166,75,324,0,0.769,0,75,324,0.769
2022-04-03 16:18:08,5797972,2022-04-03,16:18:07,F,167,123,324,66,0.62,17.2,75,324,0.769
2022-04-03 16:18:18,5808264,2022-04-03,16:18:18,F,168,123,319,90,0.614,23.2,75,324,0.769
2022-04-03 16:18:29,5818560,2022-04-03,16:18:28,F,169,134,306,125,0.562,29.5,75,324,0.769
2022-04-03 16:18:39,5828859,2022-04-03,16:18:38,F,170,148,275,190,0.462,36.9,75,324,0.769
2022-04-03 16:18:49,5839164,2022-04-03,16:18:49,F,171,147,233,285,0.369,44.2,75,324,0.769
2022-04-03 16:18:59,5849458,2022-04-03,16:18:59,F,172,140,194,420,0.278,49,75,324,0.769
2022-04-03 16:19:10,5859754,2022-04-03,16:19:09,F,173,127,164,625,0.226,59.3,75,324,0.769
2022-04-03 16:19:20,5870056,2022-04-03,16:19:20,F,174,115,143,845,0.196,69.6,75,324,0.769
2022-04-03 16:19:23,5872589,2022-04-03,16:19:22,SLCE,,Light Curve end ,,,,,,,
2022-04-03 16:20:29,5939114,2022-04-03,16:20:29,SLCS,,Light Curve start ,,,,,,,
2022-04-03 16:20:29,5939114,2022-04-03,16:20:29,REG1,,"#1: alpha: - , ETRm: - , Ik: -   ( beta: - 0.017, ETRmPot: 53.689 ) ",,,,,,,
2022-04-03 16:20:29,5939114,2022-04-03,16:20:29,REG2,,"#1: alpha: 0.245, ETRm: 65.551, Ik: 268.078 ",,,,,,,
2022-04-03 16:20:31,5940844,2022-04-03,16:20:30,FO,175,82,337,0,0.757,0,82,337,0.757
2022-04-03 16:20:41,5951143,2022-04-03,16:20:41,F,176,127,327,66,0.612,17,82,337,0.757
2022-04-03 16:20:51,5961444,2022-04-03,16:20:51,F,177,110,281,90,0.609,23,82,337,0.757
2022-04-03 16:21:02,5971739,2022-04-03,16:21:01,F,178,91,226,125,0.597,31.3,82,337,0.757
2022-04-03 16:21:12,5982044,2022-04-03,16:21:12,F,179,97,200,190,0.515,41.1,82,337,0.757
2022-04-03 16:21:22,5992338,2022-04-03,16:21:22,F,180,98,165,285,0.406,48.6,82,337,0.757
2022-04-03 16:21:33,6002636,2022-04-03,16:21:32,F,181,91,132,420,0.311,54.9,82,337,0.757
2022-04-03 16:21:43,6012942,2022-04-03,16:21:42,F,182,82,109,625,0.248,65.1,82,337,0.757
2022-04-03 16:21:53,6023233,2022-04-03,16:21:53,F,183,75,93,845,0.194,68.9,82,337,0.757
2022-04-03 16:21:56,6025696,2022-04-03,16:21:55,SLCE,,Light Curve end ,,,,,,,
2022-04-03 16:23:52,6142305,2022-04-03,16:23:52,SLCS,,Light Curve start ,,,,,,,
2022-04-03 16:23:52,6142305,2022-04-03,16:23:52,REG1,,"#1: alpha: - , ETRm: - , Ik: -   ( beta: - 0.024, ETRmPot: 33.478 ) ",,,,,,,
2022-04-03 16:23:52,6142305,2022-04-03,16:23:52,REG2,,"#1: alpha: 0.222, ETRm: 54.211, Ik: 243.682 ",,,,,,,
2022-04-03 16:23:54,6144020,2022-04-03,16:23:54,FO,184,123,452,0,0.728,0,123,452,0.728
2022-04-03 16:24:04,6154323,2022-04-03,16:24:04,F,185,179,442,66,0.595,16.5,123,452,0.728
2022-04-03 16:24:15,6164620,2022-04-03,16:24:14,F,186,173,430,90,0.598,22.6,123,452,0.728
2022-04-03 16:24:25,6174917,2022-04-03,16:24:24,F,187,179,408,125,0.561,29.5,123,452,0.728
2022-04-03 16:24:35,6185219,2022-04-03,16:24:35,F,188,204,372,190,0.452,36.1,123,452,0.728
2022-04-03 16:24:46,6195514,2022-04-03,16:24:45,F,189,211,314,285,0.328,39.3,123,452,0.728
2022-04-03 16:24:56,6205808,2022-04-03,16:24:55,F,190,198,262,420,0.244,43,123,452,0.728
2022-04-03 16:25:06,6216110,2022-04-03,16:25:06,F,191,176,221,625,0.204,53.6,123,452,0.728
2022-04-03 16:25:16,6226413,2022-04-03,16:25:16,F,192,157,190,845,0.174,61.8,123,452,0.728
2022-04-03 16:25:19,6229326,2022-04-03,16:25:19,SLCE,,Light Curve end ,,,,,,,
2022-04-03 16:25:59,6269056,2022-04-03,16:25:59,SLCS,,Light Curve start ,,,,,,,
2022-04-03 16:25:59,6269056,2022-04-03,16:25:59,REG1,,"#1: alpha: - , ETRm: - , Ik: -   ( beta: - 0.020, ETRmPot: 21.289 ) ",,,,,,,
2022-04-03 16:25:59,6269056,2022-04-03,16:25:59,REG2,,"#1: alpha: 0.178, ETRm: 39.355, Ik: 221.468 ",,,,,,,
2022-04-03 16:26:01,6270804,2022-04-03,16:26:00,FO,193,110,454,0,0.758,0,110,454,0.758
2022-04-03 16:26:11,6281100,2022-04-03,16:26:11,F,194,165,421,66,0.608,16.9,110,454,0.758
2022-04-03 16:26:21,6291398,2022-04-03,16:26:21,F,195,173,373,90,0.536,20.3,110,454,0.758
2022-04-03 16:26:32,6301695,2022-04-03,16:26:31,F,196,182,310,125,0.413,21.7,110,454,0.758
2022-04-03 16:26:42,6311993,2022-04-03,16:26:42,F,197,176,257,190,0.315,25.1,110,454,0.758
2022-04-03 16:26:52,6322296,2022-04-03,16:26:52,F,198,166,217,285,0.235,28.1,110,454,0.758
2022-04-03 16:27:03,6332592,2022-04-03,16:27:02,F,199,154,187,420,0.176,31,110,454,0.758
2022-04-03 16:27:13,6342897,2022-04-03,16:27:12,F,200,141,166,625,0.151,39.6,110,454,0.758
2022-04-03 16:27:23,6353187,2022-04-03,16:27:23,F,201,130,150,845,0.133,47.2,110,454,0.758
2022-04-03 16:27:26,6356339,2022-04-03,16:27:26,SLCE,,Light Curve end ,,,,,,,
2022-04-03 16:28:10,6399702,2022-04-03,16:28:09,SLCS,,Light Curve start ,,,,,,,
2022-04-03 16:28:10,6399702,2022-04-03,16:28:09,REG1,,"#1: alpha: - , ETRm: - , Ik: -   ( beta: - 0.016, ETRmPot: 35.213 ) ",,,,,,,
2022-04-03 16:28:10,6399702,2022-04-03,16:28:09,REG2,,"#1: alpha: 0.232, ETRm: 47.004, Ik: 202.977 ",,,,,,,
2022-04-03 16:28:11,6401386,2022-04-03,16:28:11,FO,202,123,483,0,0.745,0,123,483,0.745
2022-04-03 16:28:22,6411686,2022-04-03,16:28:21,F,203,185,479,66,0.614,17,123,483,0.745
2022-04-03 16:28:32,6421985,2022-04-03,16:28:31,F,204,184,446,90,0.587,22.2,123,483,0.745
2022-04-03 16:28:42,6432277,2022-04-03,16:28:42,F,205,197,405,125,0.514,27,123,483,0.745
2022-04-03 16:28:53,6442583,2022-04-03,16:28:52,F,206,198,341,190,0.419,33.4,123,483,0.745
2022-04-03 16:29:03,6452879,2022-04-03,16:29:02,F,207,194,282,285,0.312,37.3,123,483,0.745
2022-04-03 16:29:13,6463176,2022-04-03,16:29:13,F,208,186,245,420,0.241,42.5,123,483,0.745
2022-04-03 16:29:23,6473474,2022-04-03,16:29:23,F,209,180,219,625,0.178,46.7,123,483,0.745
2022-04-03 16:29:34,6483775,2022-04-03,16:29:33,F,210,168,197,845,0.147,52.2,123,483,0.745
2022-04-03 16:29:38,6487971,2022-04-03,16:29:37,SLCE,,Light Curve end ,,,,,,,
2022-04-03 16:32:05,6635169,2022-04-03,16:32:05,SLCS,,Light Curve start ,,,,,,,
2022-04-03 16:32:05,6635169,2022-04-03,16:32:05,REG1,,"#1: alpha: - , ETRm: - , Ik: -   ( beta: - 0.018, ETRmPot: 28.443 ) ",,,,,,,
2022-04-03 16:32:05,6635169,2022-04-03,16:32:05,REG2,,"#1: alpha: 0.212, ETRm: 41.947, Ik: 197.828 ",,,,,,,
2022-04-03 16:32:07,6636855,2022-04-03,16:32:06,FO,211,126,495,0,0.745,0,126,495,0.745
2022-04-03 16:32:17,6647152,2022-04-03,16:32:17,F,212,199,500,66,0.602,16.7,126,495,0.745
2022-04-03 16:32:27,6657450,2022-04-03,16:32:27,F,213,224,427,125,0.475,24.9,126,495,0.745
2022-04-03 16:32:48,6678051,2022-04-03,16:32:48,F,214,234,364,190,0.357,28.5,126,495,0.745
2022-04-03 16:32:58,6688338,2022-04-03,16:32:58,F,215,224,306,285,0.268,32.1,126,495,0.745
2022-04-03 16:33:09,6698641,2022-04-03,16:33:08,F,216,208,264,420,0.212,37.4,126,495,0.745
2022-04-03 16:33:19,6708945,2022-04-03,16:33:18,F,217,194,232,625,0.164,43.1,126,495,0.745
2022-04-03 16:33:29,6719242,2022-04-03,16:33:29,F,218,182,210,845,0.133,47.2,126,495,0.745
2022-04-03 16:33:32,6721792,2022-04-03,16:33:31,SLCE,,Light Curve end ,,,,,,,
2022-04-03 16:34:33,6782732,2022-04-03,16:34:32,SLCS,,Light Curve start ,,,,,,,
2022-04-03 16:34:33,6782732,2022-04-03,16:34:32,REG1,,"#1: alpha: - , ETRm: - , Ik: -   ( beta: - 0.037, ETRmPot: 43.838 ) ",,,,,,,
2022-04-03 16:34:33,6782732,2022-04-03,16:34:32,REG2,,"#1: alpha: 0.237, ETRm: 82.758, Ik: 349.225 ",,,,,,,
2022-04-03 16:34:34,6784431,2022-04-03,16:34:34,FO,219,46,220,0,0.791,0,46,220,0.791
2022-04-03 16:34:45,6794729,2022-04-03,16:34:44,F,220,64,209,66,0.694,19.2,46,220,0.791
2022-04-03 16:34:55,6805034,2022-04-03,16:34:55,F,221,65,202,90,0.678,25.6,46,220,0.791
2022-04-03 16:35:05,6815326,2022-04-03,16:35:05,F,222,66,193,125,0.658,34.5,46,220,0.791
2022-04-03 16:35:16,6825631,2022-04-03,16:35:15,F,223,80,178,190,0.551,44,46,220,0.791
2022-04-03 16:35:26,6835932,2022-04-03,16:35:25,F,224,88,155,285,0.432,51.7,46,220,0.791
2022-04-03 16:35:36,6846227,2022-04-03,16:35:36,F,225,86,132,420,0.348,61.4,46,220,0.791
2022-04-03 16:35:47,6856529,2022-04-03,16:35:46,F,226,81,112,625,0.277,72.7,46,220,0.791
2022-04-03 16:35:57,6866824,2022-04-03,16:35:56,F,227,73,98,845,0.255,90.5,46,220,0.791
2022-04-03 16:36:00,6870103,2022-04-03,16:36:00,SLCE,,Light Curve end ,,,,,,,
2022-04-03 16:36:34,6904008,2022-04-03,16:36:34,SLCS,,Light Curve start ,,,,,,,
2022-04-03 16:36:36,6905714,2022-04-03,16:36:35,FO,228,-4,8,0,-,-,-4,8,-
2022-04-03 16:36:46,6916016,2022-04-03,16:36:46,F,229,15,432,66,0.965,26.7,-4,8,-
2022-04-03 16:36:47,6917464,2022-04-03,16:36:47,SLCE,,Light Curve end ,,,,,,,
2022-04-03 16:36:51,6921414,2022-04-03,16:36:51,SLCS,,Light Curve start ,,,,,,,
2022-04-03 16:36:51,6921414,2022-04-03,16:36:51,REG1,,"#1: alpha: - , ETRm: - , Ik: -   ( beta: - 0.021, ETRmPot: 32.922 ) ",,,,,,,
2022-04-03 16:36:51,6921414,2022-04-03,16:36:51,REG2,,"#1: alpha: 0.183, ETRm: 51.694, Ik: 282.246 ",,,,,,,
2022-04-03 16:36:53,6923115,2022-04-03,16:36:53,FO,230,118,356,0,0.669,0,118,356,0.669
2022-04-03 16:37:03,6933409,2022-04-03,16:37:03,F,231,161,356,66,0.548,15.2,118,356,0.669
2022-04-03 16:37:14,6943716,2022-04-03,16:37:13,F,232,167,358,90,0.534,20.2,118,356,0.669
2022-04-03 16:37:24,6954012,2022-04-03,16:37:24,F,233,181,334,125,0.458,24,118,356,0.669
2022-04-03 16:37:34,6964311,2022-04-03,16:37:34,F,234,183,290,190,0.369,29.4,118,356,0.669
2022-04-03 16:37:45,6974608,2022-04-03,16:37:44,F,235,170,246,285,0.309,37,118,356,0.669
2022-04-03 16:37:55,6984904,2022-04-03,16:37:54,F,236,160,209,420,0.234,41.3,118,356,0.669
2022-04-03 16:38:05,6995201,2022-04-03,16:38:05,F,237,148,183,625,0.191,50.1,118,356,0.669
2022-04-03 16:38:16,7005506,2022-04-03,16:38:15,F,238,139,165,845,0.158,56.1,118,356,0.669
2022-04-03 16:38:18,7008033,2022-04-03,16:38:18,SLCE,,Light Curve end ,,,,,,,
2022-04-03 16:43:39,7329225,2022-04-03,16:43:39,SLCS,,Light Curve start ,,,,,,,
2022-04-03 16:43:39,7329225,2022-04-03,16:43:39,REG1,,"#1: alpha: - , ETRm: - , Ik: -   ( beta: - 0.014, ETRmPot: 27.504 ) ",,,,,,,
2022-04-03 16:43:39,7329225,2022-04-03,16:43:39,REG2,,"#1: alpha: 0.235, ETRm: 37.126, Ik: 157.854 ",,,,,,,
2022-04-03 16:43:41,7330956,2022-04-03,16:43:40,FO,239,117,469,0,0.751,0,117,469,0.751
2022-04-03 16:43:51,7341263,2022-04-03,16:43:51,F,240,181,461,66,0.607,16.8,117,469,0.751
2022-04-03 16:44:02,7351556,2022-04-03,16:44:01,F,241,184,427,90,0.569,21.5,117,469,0.751
2022-04-03 16:44:12,7361858,2022-04-03,16:44:11,F,242,200,387,125,0.483,25.4,117,469,0.751
2022-04-03 16:44:22,7372152,2022-04-03,16:44:22,F,243,216,332,190,0.349,27.9,117,469,0.751
2022-04-03 16:44:32,7382450,2022-04-03,16:44:32,F,244,211,282,285,0.252,30.2,117,469,0.751
2022-04-03 16:44:43,7392754,2022-04-03,16:44:42,F,245,197,245,420,0.196,34.6,117,469,0.751
2022-04-03 16:44:53,7403048,2022-04-03,16:44:53,F,246,188,221,625,0.149,39.1,117,469,0.751
2022-04-03 16:45:03,7413351,2022-04-03,16:45:03,F,247,172,195,845,0.118,41.9,117,469,0.751
2022-04-03 16:45:06,7416224,2022-04-03,16:45:06,SLCE,,Light Curve end ,,,,,,,
2022-04-03 16:45:57,7467131,2022-04-03,16:45:57,SLCS,,Light Curve start ,,,,,,,
2022-04-03 16:45:57,7467131,2022-04-03,16:45:57,REG1,,"#1: alpha: - , ETRm: - , Ik: -   ( beta: - 0.009, ETRmPot: 38.882 ) ",,,,,,,
2022-04-03 16:45:57,7467131,2022-04-03,16:45:57,REG2,,"#1: alpha: 0.277, ETRm: 43.936, Ik: 158.670 ",,,,,,,
2022-04-03 16:45:59,7468840,2022-04-03,16:45:58,FO,248,117,473,0,0.753,0,117,473,0.753
2022-04-03 16:46:09,7479144,2022-04-03,16:46:09,F,249,174,462,66,0.623,17.3,117,473,0.753
2022-04-03 16:46:19,7489441,2022-04-03,16:46:19,F,250,174,442,90,0.606,22.9,117,473,0.753
2022-04-03 16:46:30,7499737,2022-04-03,16:46:29,F,251,183,417,125,0.561,29.5,117,473,0.753
2022-04-03 16:46:40,7510031,2022-04-03,16:46:40,F,252,202,372,190,0.457,36.5,117,473,0.753
2022-04-03 16:46:50,7520334,2022-04-03,16:46:50,F,253,209,315,285,0.337,40.3,117,473,0.753
2022-04-03 16:47:01,7530638,2022-04-03,16:47:00,F,254,204,265,420,0.23,40.6,117,473,0.753
2022-04-03 16:47:11,7540930,2022-04-03,16:47:10,F,255,188,225,625,0.164,43.1,117,473,0.753
2022-04-03 16:47:21,7551235,2022-04-03,16:47:21,F,256,172,199,845,0.136,48.3,117,473,0.753
2022-04-03 16:47:24,7553719,2022-04-03,16:47:23,SLCE,,Light Curve end ,,,,,,,
2022-04-03 16:48:56,7646228,2022-04-03,16:48:56,SLCS,,Light Curve start ,,,,,,,
2022-04-03 16:48:56,7646228,2022-04-03,16:48:56,REG1,,"#1: alpha: - , ETRm: - , Ik: -   ( beta: - 0.014, ETRmPot: 29.084 ) ",,,,,,,
2022-04-03 16:48:56,7646228,2022-04-03,16:48:56,REG2,,"#1: alpha: 0.209, ETRm: 38.855, Ik: 186.128 ",,,,,,,
2022-04-03 16:48:58,7647919,2022-04-03,16:48:57,FO,257,118,493,0,0.761,0,118,493,0.761
2022-04-03 16:49:08,7658215,2022-04-03,16:49:08,F,258,190,471,66,0.597,16.5,118,493,0.761
2022-04-03 16:49:19,7668517,2022-04-03,16:49:18,F,259,194,422,90,0.54,20.4,118,493,0.761
2022-04-03 16:49:29,7678813,2022-04-03,16:49:28,F,260,202,361,125,0.44,23.1,118,493,0.761
2022-04-03 16:49:39,7689107,2022-04-03,16:49:39,F,261,200,304,190,0.342,27.3,118,493,0.761
2022-04-03 16:49:49,7699408,2022-04-03,16:49:49,F,262,191,260,285,0.265,31.7,118,493,0.761
2022-04-03 16:50:00,7709708,2022-04-03,16:49:59,F,263,182,227,420,0.198,34.9,118,493,0.761
2022-04-03 16:50:10,7720005,2022-04-03,16:50:10,F,264,172,204,625,0.157,41.2,118,493,0.761
2022-04-03 16:50:20,7730306,2022-04-03,16:50:20,F,265,163,185,845,0.119,42.2,118,493,0.761
2022-04-03 16:50:23,7732669,2022-04-03,16:50:22,SLCE,,Light Curve end ,,,,,,,
2022-04-03 16:50:49,7758982,2022-04-03,16:50:48,SLCS,,Light Curve start ,,,,,,,
2022-04-03 16:50:49,7758982,2022-04-03,16:50:48,REG1,,"#1: alpha: - , ETRm: - , Ik: -   ( beta: - 0.014, ETRmPot: 36.320 ) ",,,,,,,
2022-04-03 16:50:49,7758982,2022-04-03,16:50:48,REG2,,"#1: alpha: 0.222, ETRm: 46.042, Ik: 207.105 ",,,,,,,
2022-04-03 16:50:51,7760700,2022-04-03,16:50:50,FO,266,107,455,0,0.765,0,107,455,0.765
2022-04-03 16:51:01,7771005,2022-04-03,16:51:01,F,267,165,448,66,0.632,17.5,107,455,0.765
2022-04-03 16:51:11,7781295,2022-04-03,16:51:11,F,268,169,416,90,0.594,22.5,107,455,0.765
2022-04-03 16:51:22,7791597,2022-04-03,16:51:21,F,269,184,360,125,0.489,25.7,107,455,0.765
2022-04-03 16:51:32,7801901,2022-04-03,16:51:31,F,270,190,312,190,0.391,31.2,107,455,0.765
2022-04-03 16:51:42,7812198,2022-04-03,16:51:42,F,271,185,265,285,0.302,36.1,107,455,0.765
2022-04-03 16:51:53,7822495,2022-04-03,16:51:52,F,272,180,235,420,0.234,41.3,107,455,0.765
2022-04-03 16:52:03,7832788,2022-04-03,16:52:02,F,273,170,209,625,0.187,49.1,107,455,0.765
2022-04-03 16:52:13,7843075,2022-04-03,16:52:13,F,274,165,191,845,0.136,48.3,107,455,0.765
2022-04-03 16:52:16,7845810,2022-04-03,16:52:15,SLCE,,Light Curve end ,,,,,,,
2022-04-03 16:56:03,8073438,2022-04-03,16:56:03,SLCS,,Light Curve start ,,,,,,,
2022-04-03 16:56:03,8073438,2022-04-03,16:56:03,REG1,,"#1: alpha: - , ETRm: - , Ik: -   ( beta: - 0.027, ETRmPot: 21.593 ) ",,,,,,,
2022-04-03 16:56:03,8073438,2022-04-03,16:56:03,REG2,,"#1: alpha: 0.136, ETRm: 58.076, Ik: 427.916 ",,,,,,,
2022-04-03 16:56:05,8075160,2022-04-03,16:56:05,FO,275,109,388,0,0.719,0,109,388,0.719
2022-04-03 16:56:15,8085457,2022-04-03,16:56:15,F,276,160,378,66,0.577,16,109,388,0.719
2022-04-03 16:56:26,8095756,2022-04-03,16:56:25,F,277,160,324,90,0.506,19.1,109,388,0.719
2022-04-03 16:56:36,8106050,2022-04-03,16:56:36,F,278,152,254,125,0.402,21.1,109,388,0.719
2022-04-03 16:56:46,8116351,2022-04-03,16:56:46,F,279,136,202,190,0.327,26.1,109,388,0.719
2022-04-03 16:56:57,8126647,2022-04-03,16:56:56,F,280,124,169,285,0.266,31.8,109,388,0.719
2022-04-03 16:57:07,8136949,2022-04-03,16:57:06,F,281,117,148,420,0.209,36.9,109,388,0.719
2022-04-03 16:57:17,8147251,2022-04-03,16:57:17,F,282,108,131,625,0.176,46.2,109,388,0.719
2022-04-03 16:57:28,8157553,2022-04-03,16:57:27,F,283,97,118,845,0.178,63.2,109,388,0.719
2022-04-03 16:57:30,8160030,2022-04-03,16:57:30,SLCE,,Light Curve end ,,,,,,,
2022-04-03 16:58:16,8205530,2022-04-03,16:58:15,SLCS,,Light Curve start ,,,,,,,
2022-04-03 16:58:16,8205530,2022-04-03,16:58:15,REG1,,"#1: alpha: - , ETRm: - , Ik: -   ( beta: - 0.011, ETRmPot: 20.551 ) ",,,,,,,
2022-04-03 16:58:16,8205530,2022-04-03,16:58:15,REG2,,"#1: alpha: 0.147, ETRm: 29.213, Ik: 199.161 ",,,,,,,
2022-04-03 16:58:17,8207246,2022-04-03,16:58:17,FO,284,150,511,0,0.706,0,150,511,0.706
2022-04-03 16:58:28,8217544,2022-04-03,16:58:27,F,285,256,477,66,0.463,12.8,150,511,0.706
2022-04-03 16:58:38,8227838,2022-04-03,16:58:37,F,286,251,397,90,0.368,13.9,150,511,0.706
2022-04-03 16:58:48,8238135,2022-04-03,16:58:48,F,287,224,326,125,0.313,16.4,150,511,0.706
2022-04-03 16:58:58,8248432,2022-04-03,16:58:58,F,288,219,297,190,0.263,21,150,511,0.706
2022-04-03 16:59:09,8258732,2022-04-03,16:59:08,F,289,207,254,285,0.185,22.1,150,511,0.706
2022-04-03 16:59:19,8269026,2022-04-03,16:59:19,F,290,183,215,420,0.149,26.3,150,511,0.706
2022-04-03 16:59:29,8279336,2022-04-03,16:59:29,F,291,170,192,625,0.115,30.2,150,511,0.706
2022-04-03 16:59:40,8289626,2022-04-03,16:59:39,F,292,159,175,845,0.091,32.3,150,511,0.706
2022-04-03 16:59:42,8292009,2022-04-03,16:59:42,SLCE,,Light Curve end ,,,,,,,
2022-04-03 17:00:19,8329266,2022-04-03,17:00:19,SLCS,,Light Curve start ,,,,,,,
2022-04-03 17:00:19,8329266,2022-04-03,17:00:19,REG1,,"#1: alpha: - , ETRm: - , Ik: -   ( beta: - 0.017, ETRmPot: 21.810 ) ",,,,,,,
2022-04-03 17:00:19,8329266,2022-04-03,17:00:19,REG2,,"#1: alpha: 0.154, ETRm: 36.774, Ik: 239.312 ",,,,,,,
2022-04-03 17:00:21,8330919,2022-04-03,17:00:20,FO,293,126,468,0,0.731,0,126,468,0.731
2022-04-03 17:00:31,8341218,2022-04-03,17:00:31,F,294,217,445,66,0.512,14.2,126,468,0.731
2022-04-03 17:00:42,8351519,2022-04-03,17:00:41,F,295,239,424,90,0.436,16.5,126,468,0.731
2022-04-03 17:00:52,8361822,2022-04-03,17:00:51,F,296,243,385,125,0.369,19.4,126,468,0.731
2022-04-03 17:01:02,8372121,2022-04-03,17:01:02,F,297,241,338,190,0.287,22.9,126,468,0.731
2022-04-03 17:01:12,8382413,2022-04-03,17:01:12,F,298,226,290,285,0.221,26.5,126,468,0.731
2022-04-03 17:01:23,8392711,2022-04-03,17:01:22,F,299,205,248,420,0.173,30.5,126,468,0.731
2022-04-03 17:01:33,8403006,2022-04-03,17:01:33,F,300,188,218,625,0.138,36.2,126,468,0.731
2022-04-03 17:01:43,8413313,2022-04-03,17:01:43,F,301,172,195,845,0.118,41.9,126,468,0.731
2022-04-03 17:01:46,8415947,2022-04-03,17:01:45,SLCE,,Light Curve end ,,,,,,,
2022-04-03 17:02:49,8478726,2022-04-03,17:02:48,SLCS,,Light Curve start ,,,,,,,
2022-04-03 17:02:49,8478726,2022-04-03,17:02:48,REG1,,"#1: alpha: - , ETRm: - , Ik: -   ( beta: - 0.011, ETRmPot: 46.611 ) ",,,,,,,
2022-04-03 17:02:49,8478726,2022-04-03,17:02:48,REG2,,"#1: alpha: 0.255, ETRm: 53.672, Ik: 210.620 ",,,,,,,
2022-04-03 17:02:50,8480399,2022-04-03,17:02:50,FO,302,101,417,0,0.758,0,101,417,0.758
2022-04-03 17:03:01,8490698,2022-04-03,17:03:00,F,303,155,420,66,0.631,17.5,101,417,0.758
2022-04-03 17:03:11,8501005,2022-04-03,17:03:11,F,304,154,402,90,0.617,23.3,101,417,0.758
2022-04-03 17:03:21,8511300,2022-04-03,17:03:21,F,305,161,376,125,0.572,30,101,417,0.758
2022-04-03 17:03:32,8521593,2022-04-03,17:03:31,F,306,180,345,190,0.478,38.1,101,417,0.758
2022-04-03 17:03:42,8531898,2022-04-03,17:03:41,F,307,182,288,285,0.368,44,101,417,0.758
2022-04-03 17:03:52,8542195,2022-04-03,17:03:52,F,308,167,230,420,0.274,48.3,101,417,0.758
2022-04-03 17:04:03,8552492,2022-04-03,17:04:02,F,309,152,192,625,0.208,54.6,101,417,0.758
2022-04-03 17:04:13,8562797,2022-04-03,17:04:12,F,310,136,162,845,0.16,56.8,101,417,0.758
2022-04-03 17:04:16,8565594,2022-04-03,17:04:15,SLCE,,Light Curve end ,,,,,,,
2022-04-03 17:04:34,8583987,2022-04-03,17:04:33,SLCS,,Light Curve start ,,,,,,,
2022-04-03 17:04:34,8583987,2022-04-03,17:04:33,REG1,,"#1: alpha: - , ETRm: - , Ik: -   ( beta: - 0.024, ETRmPot: 24.008 ) ",,,,,,,
2022-04-03 17:04:34,8583987,2022-04-03,17:04:33,REG2,,"#1: alpha: 0.169, ETRm: 48.763, Ik: 288.999 ",,,,,,,
2022-04-03 17:04:36,8585686,2022-04-03,17:04:35,FO,311,98,443,0,0.779,0,98,443,0.779
2022-04-03 17:04:46,8595990,2022-04-03,17:04:45,F,312,164,432,66,0.62,17.2,98,443,0.779
2022-04-03 17:04:56,8606288,2022-04-03,17:04:56,F,313,168,377,90,0.554,20.9,98,443,0.779
2022-04-03 17:05:07,8616589,2022-04-03,17:05:06,F,314,170,297,125,0.428,22.5,98,443,0.779
2022-04-03 17:05:17,8626880,2022-04-03,17:05:16,F,315,157,238,190,0.34,27.1,98,443,0.779
2022-04-03 17:05:27,8637187,2022-04-03,17:05:27,F,316,143,197,285,0.274,32.8,98,443,0.779
2022-04-03 17:05:37,8647481,2022-04-03,17:05:37,F,317,137,174,420,0.213,37.6,98,443,0.779
2022-04-03 17:05:48,8657777,2022-04-03,17:05:47,F,318,131,157,625,0.166,43.6,98,443,0.779
2022-04-03 17:05:58,8668075,2022-04-03,17:05:58,F,319,120,143,845,0.161,57.1,98,443,0.779
2022-04-03 17:06:01,8671138,2022-04-03,17:06:01,SLCE,,Light Curve end ,,,,,,,
2022-04-03 17:07:24,8754006,2022-04-03,17:07:24,SLCS,,Light Curve start ,,,,,,,
2022-04-03 17:07:24,8754006,2022-04-03,17:07:24,REG1,,"#1: alpha: - , ETRm: - , Ik: -   ( beta: - 0.006, ETRmPot: 18.215 ) ",,,,,,,
2022-04-03 17:07:24,8754006,2022-04-03,17:07:24,REG2,,"#1: alpha: 0.160, ETRm: 21.977, Ik: 137.618 ",,,,,,,
2022-04-03 17:07:26,8755767,2022-04-03,17:07:25,FO,320,147,489,0,0.699,0,147,489,0.699
2022-04-03 17:07:36,8766062,2022-04-03,17:07:36,F,321,257,454,66,0.434,12,147,489,0.699
2022-04-03 17:07:46,8776360,2022-04-03,17:07:46,F,322,248,386,90,0.358,13.5,147,489,0.699
2022-04-03 17:07:57,8786663,2022-04-03,17:07:56,F,323,231,317,125,0.271,14.2,147,489,0.699
2022-04-03 17:08:07,8796962,2022-04-03,17:08:06,F,324,219,284,190,0.229,18.3,147,489,0.699
2022-04-03 17:08:17,8807261,2022-04-03,17:08:17,F,325,216,259,285,0.166,19.9,147,489,0.699
2022-04-03 17:08:28,8817559,2022-04-03,17:08:27,F,326,194,221,420,0.122,21.5,147,489,0.699
2022-04-03 17:08:38,8827854,2022-04-03,17:08:37,F,327,177,193,625,0.083,21.8,147,489,0.699
2022-04-03 17:08:48,8838153,2022-04-03,17:08:48,F,328,161,173,845,0.069,24.5,147,489,0.699
2022-04-03 17:08:51,8841160,2022-04-03,17:08:51,SLCE,,Light Curve end ,,,,,,,
2022-04-03 17:10:29,8939484,2022-04-03,17:10:29,SLCS,,Light Curve start ,,,,,,,
2022-04-03 17:10:29,8939484,2022-04-03,17:10:29,REG1,,"#1: alpha: - , ETRm: - , Ik: -   ( beta: - 0.020, ETRmPot: 19.851 ) ",,,,,,,
2022-04-03 17:10:29,8939484,2022-04-03,17:10:29,REG2,,"#1: alpha: 0.156, ETRm: 39.453, Ik: 252.285 ",,,,,,,
2022-04-03 17:10:31,8941244,2022-04-03,17:10:31,FO,329,79,295,0,0.732,0,79,295,0.732
2022-04-03 17:10:42,8951539,2022-04-03,17:10:41,F,330,130,275,66,0.527,14.6,79,295,0.732
2022-04-03 17:10:52,8961838,2022-04-03,17:10:51,F,331,122,237,90,0.485,18.3,79,295,0.732
2022-04-03 17:11:02,8972133,2022-04-03,17:11:02,F,332,112,191,125,0.414,21.7,79,295,0.732
2022-04-03 17:11:12,8982435,2022-04-03,17:11:12,F,333,108,157,190,0.312,24.9,79,295,0.732
2022-04-03 17:11:23,8992734,2022-04-03,17:11:22,F,334,126,160,285,0.213,25.5,79,295,0.732
2022-04-03 17:11:33,9003036,2022-04-03,17:11:33,F,335,106,128,420,0.172,30.3,79,295,0.732
2022-04-03 17:11:43,9013334,2022-04-03,17:11:43,F,336,97,113,625,0.142,37.3,79,295,0.732
2022-04-03 17:11:54,9023631,2022-04-03,17:11:53,F,337,90,104,845,0.135,47.9,79,295,0.732
2022-04-03 17:11:57,9026504,2022-04-03,17:11:56,SLCE,,Light Curve end ,,,,,,,
2022-04-03 17:12:32,9062298,2022-04-03,17:12:32,SLCS,,Light Curve start ,,,,,,,
2022-04-03 17:12:32,9062298,2022-04-03,17:12:32,REG1,,"#1: alpha: - , ETRm: - , Ik: -   ( beta: - 0.007, ETRmPot: 16.104 ) ",,,,,,,
2022-04-03 17:12:32,9062298,2022-04-03,17:12:32,REG2,,"#1: alpha: 0.148, ETRm: 20.796, Ik: 140.527 ",,,,,,,
2022-04-03 17:12:34,9064127,2022-04-03,17:12:34,FO,338,141,495,0,0.715,0,141,495,0.715
2022-04-03 17:12:44,9074426,2022-04-03,17:12:44,F,339,285,482,66,0.409,11.3,141,495,0.715
2022-04-03 17:12:55,9084718,2022-04-03,17:12:54,F,340,294,442,90,0.335,12.7,141,495,0.715
2022-04-03 17:13:05,9095019,2022-04-03,17:13:05,F,341,285,390,125,0.269,14.1,141,495,0.715
2022-04-03 17:13:15,9105322,2022-04-03,17:13:15,F,342,278,347,190,0.199,15.9,141,495,0.715
2022-04-03 17:13:26,9115620,2022-04-03,17:13:25,F,343,292,344,285,0.151,18.1,141,495,0.715
2022-04-03 17:13:36,9125913,2022-04-03,17:13:35,F,344,289,332,420,0.13,22.9,141,495,0.715
2022-04-03 17:13:46,9136217,2022-04-03,17:13:46,F,345,290,310,625,0.065,17.1,141,495,0.715
2022-04-03 17:13:57,9146501,2022-04-03,17:13:56,F,346,276,297,845,0.071,25.2,141,495,0.715
2022-04-03 17:13:59,9149048,2022-04-03,17:13:59,SLCE,,Light Curve end ,,,,,,,
2022-04-03 17:14:57,9206915,2022-04-03,17:14:56,SLCS,,Light Curve start ,,,,,,,
2022-04-03 17:14:57,9206915,2022-04-03,17:14:56,REG1,,"#1: alpha: - , ETRm: - , Ik: -   ( beta: - 0.031, ETRmPot: 91.704 ) ",,,,,,,
2022-04-03 17:14:57,9206915,2022-04-03,17:14:56,REG2,,"#1: alpha: 0.282, ETRm: 117.792, Ik: 417.791 ",,,,,,,
2022-04-03 17:14:59,9208702,2022-04-03,17:14:58,FO,347,20,109,0,0.817,0,20,109,0.817
2022-04-03 17:15:09,9219007,2022-04-03,17:15:09,F,348,30,104,66,0.712,19.7,20,109,0.817
2022-04-03 17:15:19,9229300,2022-04-03,17:15:19,F,349,29,100,90,0.71,26.8,20,109,0.817
2022-04-03 17:15:30,9239597,2022-04-03,17:15:29,F,350,28,94,125,0.702,36.9,20,109,0.817
2022-04-03 17:15:40,9249900,2022-04-03,17:15:39,F,351,29,91,190,0.681,54.3,20,109,0.817
2022-04-03 17:15:50,9260195,2022-04-03,17:15:50,F,352,48,113,285,0.575,68.8,20,109,0.817
2022-04-03 17:16:01,9270496,2022-04-03,17:16:00,F,353,58,112,420,0.482,85,20,109,0.817
2022-04-03 17:16:11,9280790,2022-04-03,17:16:10,F,354,65,107,625,0.393,103.2,20,109,0.817
2022-04-03 17:16:21,9291093,2022-04-03,17:16:21,F,355,66,99,845,0.333,118.2,20,109,0.817
2022-04-03 17:16:24,9293566,2022-04-03,17:16:23,SLCE,,Light Curve end ,,,,,,,
2022-04-03 17:17:03,9332776,2022-04-03,17:17:02,SLCS,,Light Curve start ,,,,,,,
2022-04-03 17:17:03,9332776,2022-04-03,17:17:02,REG1,,"#1: alpha: - , ETRm: - , Ik: -   ( beta: - 11.538, ETRmPot: - 463.847 ) ",,,,,,,
2022-04-03 17:17:03,9332776,2022-04-03,17:17:02,REG2,,"#1: alpha: 0.200, ETRm: 100.000, Ik: 500.000 ",,,,,,,
2022-04-03 17:17:04,9334489,2022-04-03,17:17:04,FO,356,10,95,0,0.895,0,10,95,0.895
2022-04-03 17:17:15,9344792,2022-04-03,17:17:14,F,357,33,102,66,0.676,18.7,10,95,0.895
2022-04-03 17:17:25,9355082,2022-04-03,17:17:25,F,358,22,77,90,0.714,27,10,95,0.895
2022-04-03 17:17:35,9365382,2022-04-03,17:17:35,F,359,18,60,125,0.7,36.8,10,95,0.895
2022-04-03 17:17:46,9375681,2022-04-03,17:17:45,F,360,16,57,190,0.719,57.4,10,95,0.895
2022-04-03 17:17:56,9385981,2022-04-03,17:17:55,F,361,16,52,285,0.692,82.8,10,95,0.895
2022-04-03 17:18:06,9396280,2022-04-03,17:18:06,F,362,17,51,420,0.667,117.7,10,95,0.895
2022-04-03 17:18:17,9406577,2022-04-03,17:18:16,F,363,462,454,625,-,-,10,95,0.895
2022-04-03 17:18:27,9416879,2022-04-03,17:18:26,F,364,169,196,845,0.138,49,10,95,0.895
2022-04-03 17:18:30,9419492,2022-04-03,17:18:29,SLCE,,Light Curve end ,,,,,,,
2022-04-03 17:19:13,9463109,2022-04-03,17:19:13,SLCS,,Light Curve start ,,,,,,,
2022-04-03 17:19:13,9463109,2022-04-03,17:19:13,REG1,,"#1: alpha: 0.260, ETRm: 22.333, Ik: 85.745   ( beta: 0.005, ETRmPot: 24.482 ) ",,,,,,,
2022-04-03 17:19:13,9463109,2022-04-03,17:19:13,REG2,,"#1: alpha: 0.204, ETRm: 21.873, Ik: 107.280 ",,,,,,,
2022-04-03 17:19:15,9464872,2022-04-03,17:19:14,FO,365,101,446,0,0.774,0,101,446,0.774
2022-04-03 17:19:25,9475172,2022-04-03,17:19:25,F,366,225,439,66,0.487,13.5,101,446,0.774
2022-04-03 17:19:35,9485469,2022-04-03,17:19:35,F,367,244,399,90,0.388,14.7,101,446,0.774
2022-04-03 17:19:46,9495763,2022-04-03,17:19:45,F,368,239,359,125,0.334,17.5,101,446,0.774
2022-04-03 17:19:56,9506067,2022-04-03,17:19:56,F,369,249,326,190,0.236,18.8,101,446,0.774
2022-04-03 17:20:06,9516362,2022-04-03,17:20:06,F,370,236,288,285,0.181,21.7,101,446,0.774
2022-04-03 17:20:17,9526658,2022-04-03,17:20:16,F,371,340,395,420,0.139,24.5,101,446,0.774
2022-04-03 17:20:27,9536964,2022-04-03,17:20:26,F,372,338,367,625,0.079,20.7,101,446,0.774
2022-04-03 17:20:37,9547252,2022-04-03,17:20:37,F,373,6,12,845,-,-,101,446,0.774
2022-04-03 17:20:40,9550285,2022-04-03,17:20:40,SLCE,,Light Curve end ,,,,,,,
2022-04-03 17:22:27,9656826,2022-04-03,17:22:26,SLCS,,Light Curve start ,,,,,,,
2022-04-03 17:22:27,9656826,2022-04-03,17:22:26,REG1,,"#1: alpha: - , ETRm: - , Ik: -   ( beta: - 0.042, ETRmPot: 11.409 ) ",,,,,,,
2022-04-03 17:22:27,9656826,2022-04-03,17:22:26,REG2,,"#1: alpha: 0.285, ETRm: 18.608, Ik: 65.200 ",,,,,,,
2022-04-03 17:22:29,9658543,2022-04-03,17:22:28,FO,374,98,387,0,0.747,0,98,387,0.747
2022-04-03 17:22:39,9668840,2022-04-03,17:22:38,F,375,184,387,66,0.525,14.6,98,387,0.747
2022-04-03 17:22:49,9679141,2022-04-03,17:22:49,F,376,213,366,90,0.418,15.8,98,387,0.747
2022-04-03 17:22:59,9689442,2022-04-03,17:22:59,F,377,215,328,125,0.345,18.1,98,387,0.747
2022-04-03 17:23:09,9699454,2022-04-03,17:23:09,SLCE,,Light Curve end ,,,,,,,
2022-04-03 17:23:10,9699743,2022-04-03,17:23:09,F,378,216,288,190,0.25,20,98,387,0.747
2022-04-03 17:23:47,9737282,2022-04-03,17:23:47,SLCS,,Light Curve start ,,,,,,,
2022-04-03 17:23:47,9737282,2022-04-03,17:23:47,REG1,,"#1: alpha: 0.244, ETRm: 31.222, Ik: 127.847   ( beta: 0.013, ETRmPot: 38.321 ) ",,,,,,,
2022-04-03 17:23:47,9737282,2022-04-03,17:23:47,REG2,,"#1: alpha: 0.207, ETRm: 29.981, Ik: 144.819 ",,,,,,,
2022-04-03 17:23:49,9739137,2022-04-03,17:23:49,FO,379,107,343,0,0.688,0,107,343,0.688
2022-04-03 17:23:59,9749431,2022-04-03,17:23:59,F,380,161,332,66,0.515,14.3,107,343,0.688
2022-04-03 17:24:10,9759731,2022-04-03,17:24:09,F,381,165,310,90,0.468,17.7,107,343,0.688
2022-04-03 17:24:20,9770028,2022-04-03,17:24:20,F,382,172,282,125,0.39,20.5,107,343,0.688
2022-04-03 17:24:30,9780322,2022-04-03,17:24:30,F,383,180,257,190,0.3,23.9,107,343,0.688
2022-04-03 17:24:41,9790628,2022-04-03,17:24:40,F,384,181,235,285,0.23,27.5,107,343,0.688
2022-04-03 17:24:51,9800926,2022-04-03,17:24:50,F,385,198,237,420,0.165,29.1,107,343,0.688
2022-04-03 17:25:01,9811220,2022-04-03,17:25:01,F,386,202,235,625,0.14,36.8,107,343,0.688
2022-04-03 17:25:12,9821523,2022-04-03,17:25:11,F,387,217,234,845,0.073,25.9,107,343,0.688
2022-04-03 17:25:14,9824427,2022-04-03,17:25:14,SLCE,,Light Curve end ,,,,,,,
2022-04-03 17:27:32,9962123,2022-04-03,17:27:32,SLCS,,Light Curve start ,,,,,,,
2022-04-03 17:27:32,9962123,2022-04-03,17:27:32,REG1,,"#1: alpha: - , ETRm: - , Ik: -   ( beta: - 0.013, ETRmPot: 22.111 ) ",,,,,,,
2022-04-03 17:27:32,9962123,2022-04-03,17:27:32,REG2,,"#1: alpha: 0.147, ETRm: 32.035, Ik: 217.194 ",,,,,,,
2022-04-03 17:27:34,9963803,2022-04-03,17:27:33,FO,388,84,285,0,0.705,0,84,285,0.705
2022-04-03 17:27:44,9974096,2022-04-03,17:27:44,F,389,149,280,66,0.468,13,84,285,0.705
2022-04-03 17:27:54,9984399,2022-04-03,17:27:54,F,390,150,261,90,0.425,16.1,84,285,0.705
2022-04-03 17:28:05,9994700,2022-04-03,17:28:04,F,391,156,233,125,0.33,17.3,84,285,0.705
2022-04-03 17:28:15,10004996,2022-04-03,17:28:15,F,392,151,204,190,0.26,20.7,84,285,0.705
2022-04-03 17:28:25,10015294,2022-04-03,17:28:25,F,393,145,179,285,0.19,22.7,84,285,0.705
2022-04-03 17:28:36,10025593,2022-04-03,17:28:35,F,394,135,163,420,0.172,30.3,84,285,0.705
2022-04-03 17:28:46,10035888,2022-04-03,17:28:45,F,395,128,146,625,0.123,32.3,84,285,0.705
2022-04-03 17:28:56,10046191,2022-04-03,17:28:56,F,396,120,133,845,0.098,34.8,84,285,0.705
2022-04-03 17:29:00,10049500,2022-04-03,17:28:59,SLCE,,Light Curve end ,,,,,,,
2022-04-03 17:37:20,10549874,2022-04-03,17:37:19,C,,Device lost: #1: JUNIOR-PAM-II ,,,,,,,