Sample,SLAB ,N,P,Phosphate,Silicate,N+N,Ammonia
Mo22_0029,1,5.68116449185235,0.233480082899198,0.0655487761950578,0.874429667358527,0.0504810067457716,<0.02
Mo22_0081,2,7.06959265271132,0.225697413469224,0.11440710581278,6.49780863440101,0.182252602646211,<0.02
Mo22_0670,3,7.36458320157964,0.381949468947918,0.1566477366062,1.05706813222614,0.840661462871309,<0.02
Mo22_0672,4,5.67981955014019,0.31609611223276,0.15406636472438,0.83636543663086,0.231386251560689,0.0477047242070632
Mo22_0672,5,6.79836274075792,0.284965434512867,0.0980271278717762,0.941129374413431,0.0679966585525784,<0.02
Mo22_0033,6,6.26083436979573,0.329067227949382,0.0973231173585525,1.13633951181496,0.0538943132517134,0.033588020104973
Mo22_0669,7,7.45514261019879,0.351417458107254,0.113656161265342,0.774554713339143,0.0476066433723468,0.0245216885911307
Mo22_0663,8,6.75622123377673,0.262216093102176,0.121588013047662,1.4017414875308,1.15423654214086,<0.02
Mo22_0662,9,7.25878112022261,0.210930297114916,0.0446161969352076,0.767919663946247,0.952132867446937,<0.02
Mo22_0034,10,5.52739282276142,0.232083193514331,0.0557395630441415,0.844048125401582,0.0569483243359772,<0.02
Mo22_0082,11,5.85600691443388,0.26940009565292,0.160777931617112,3.30495302391418,0.418040223122457,<0.02
Mo22_0661,12,7.12966671585471,0.271994318796245,0.0393126510689226,0.967320358859074,0.786497678053337,<0.02
Mo22_0666,13,6.47109359079762,0.274987653192388,0.132335906882876,0.80144412403667,0.799881432510846,<0.02
Mo22_0671,14,7.63222660230059,0.372570354506668,0.129191326590477,0.986527080785879,0.0492234727698982,<0.02
Mo22_0039,15,5.41441771893951,0.273391208181112,0.145759040668341,1.58787208365784,0.198690368187983,<0.02
Mo22_0075,16,5.51797823077626,0.313501889089435,0.0864813554549081,1.25926253214651,0.0507504783120301,<0.02
Mo22_0675,17,5.64126455439144,0.295541882712574,0.165940675380752,0.818206354081881,0.191055340477324,<0.02
Mo22_0674,18,5.69954536191862,0.293147215195659,0.152939947903222,1.44120257076224,0.173449864815098,<0.02
Mo22_0648,19,6.30880395752964,0.215719632148746,0.039124914932063,1.27148499155447,0.753532323114373,<0.02
Mo22_0650,20,6.84991883972427,0.243657419846086,0.0731990237720883,1.10071977296888,0.796288478294065,<0.02
Mo22_0653,21,6.12275368734673,0.23687252854816,0.102720531293267,1.14576826621539,0.861770068894897,<0.02
Mo22_0673,22,5.66143868007392,0.277581876335713,0.16171661230141,0.796904353399425,0.0411393257821412,<0.02
Mo22_0064,23,6.33211628054051,0.322082781025047,0.143130734752306,0.775253139591027,0.797456188414519,<0.02
Mo22_0077,24,6.198070423228,0.291750325810792,0.162889963156783,0.932399046264883,0.437621823603913,0.227996940821257
Mo22_094,25,6.03667741776813,0.290353436425925,0.133321521601389,0.891890323655623,0.297496609149458,0.0781286554615677
Mo22_0658,26,6.33973761690945,0.213324964631831,0.023824419778002,1.11538672425844,0.972972001904266,0.0371780439930046
Mo22_0651,27,6.85888511780537,0.194566735749331,0.0530173890596766,1.11887885551786,0.891142469617081,0.0259211894288379
Mo22_0030,28,5.45386934249636,0.231684082261512,0.0956334921268157,1.04484567281818,0.10338725758787,0.0609087103715182
Mo22_0652,29,5.86362825080282,0.179999175021433,0.0722134090535752,1.13249816742959,0.846320365762739,0.0345615859051172
Mo22_0647,30,6.34197918642972,0.148469386048721,0.014860019242954,0.938684882531838,1.07061053274529,<0.02
Mo22_0654,31,8.54947684999754,0.115542707691141,0.0516093680332293,1.03262321341021,0.90255009925536,0.118409940442532
Mo22_0656,32,6.88712889376085,0.22769296973332,0.181053434397954,2.16477216771386,1.38679050382201,0.475039262607834
Mo22_0649,33,7.00100062539087,0.154056943588189,0.0274852744467651,1.045893312196,0.762424884800905,<0.02
Mo22_0655,34,5.8838023764853,0.21831385529207,0.149466829371319,0.999797179571671,1.38903610020749,0.0509905087825497
Mo22_0683,35,5.34358412209878,0.253435645540155,0.135574355243705,0.795158287769715,0.0371870761436822,<0.02
Mo22_0027,36,5.28664825628377,0.249843644264782,0.097088447187478,0.893636389285332,0.0112279819274403,<0.02
Mo22_0667,37,5.70044198972673,0.154855166093827,0.0404390678900805,0.896779307418809,0.842278292268861,<0.02
Mo22_0679,38,5.42517725263683,0.2648103162455,0.132335906882876,0.789221664628703,0.0316179971076719,<0.02
Mo22_0681,39,5.56774107412639,0.283967656380819,0.158243493769507,0.84369891227564,0.0894645599978442,0.0902373801008606
Mo22_0659,40,6.44688463997864,0.228491192238958,0.0652671719897684,0.973256982000086,0.765478895885169,0.0251910150787298
Mo22_0660,41,5.55832648214123,0.308712554055606,0.111309459554596,0.906208061819241,0.841649525280924,0.0546413805330902
Mo22_0677,42,5.27499209477834,0.29733788335026,0.118396498721048,0.80144412403667,0.0549721995167476,0.0458184404692839
Mo22_0592,43,5.9999156776356,0.309510776561244,0.142051251965363,2.39280833895393,0.23875180770509,0.243513145761055
Mo22_0587,44,5.33372121620957,0.257227202441936,0.0780332292962242,1.48625106400874,0.0385344339749751,0.0306064748420316
Mo22_097,45,5.81252046574053,0.307315664670739,0.166034543449182,1.12516469178481,0.23120660384985,0.318599408097172
Mo22_0695,46,5.79638116519454,0.251240533649649,0.171103419144393,0.882810782381133,1.1097737337082,0.333202895099334
Mo22_0694,47,5.88514731819747,0.264012093739862,0.162467556848849,0.912144684960253,1.15055376406866,0.0722264127981939
Mo22_0682,48,5.4655255040018,0.33445522986244,0.132617511088166,0.784332680865516,0.052277483854162,0.0703401290604146
Mo22_0588,49,6.46481719614085,0.263612982487043,0.0588372093023256,2.20667774282689,0.0345821843365161,0.0321276714047568
Mo22_0616,50,7.67885124832234,0.223502301578719,0.0671445333583648,0.860111929194909,0.947372203109702,0.0443580917690677
Mo22_0585,51,5.75917111115796,0.289954325173106,0.0547539483256283,1.89063986384947,0.0426663313242731,0.0380299140681307
Mo22_095,52,5.06383624596834,0.281972100116723,0.129379062727337,2.23391636665036,0.048504881926542,0.0418633294061983
Mo22_0584,53,4.83340289928396,0.262216093102176,0.142285922136437,1.69612815269983,0.100512894214445,0.0473396370320091
Mo22_0591,54,7.13370154099121,0.210132074609278,0.101875718677399,1.28615194284403,0.240099165536383,0.105571041453131
Mo22_0613,55,5.58970845542509,0.254832534925022,0.154582639100744,1.06789373913034,0.668289484321246,0.0780678075990587
Mo22_0601,56,5.60674438377919,0.304521885901005,0.123089902142539,0.882810782381133,0.77095815106576,0.0363261739178785
Mo22_0590,57,5.56818938803044,0.242260530461219,0.116659939455096,2.33728345192916,0.142280986984523,0.0669934966224191
Mo22_0586,58,5.21088320649844,0.245852531736591,0.0815532818623425,1.71219195649316,0.0476066433723468,0.0775201768364776
Mo22_0091,59,4.89123539290708,0.292348992690021,0.154347968929669,2.14032724889793,0.0507504783120301,0.0609087103715182
Mo22_0589,60,4.9831397432384,0.241262752329171,0.130036139206345,1.47821916211208,0.0548823756613281,0.046548614819392
Mo22_0032,61,5.50901195269515,0.272992096928293,0.154535705066529,0.888048979270262,0.232553961681143,0.242113644923347
Mo22_0606,62,6.14830757987787,0.250641866770421,0.112201206204679,1.18383249694305,0.971714467928392,0.059630905258829
Mo22_0073,63,5.52918607837764,0.301328995878452,0.154207166827025,1.13284738055554,0.371870761436822,0.0602393838839191
Mo22_0611,64,5.8708012732677,0.23228274914074,0.102063454814259,0.879667864247656,0.682481653477531,0.0548847719831262
Mo22_0099,65,5.60315787254675,0.336251230500126,0.158525097974796,1.2617070240281,0.293634183366418,0.31872110382219
Mo22_0603,66,5.97436178510445,0.200952515794438,0.0294565038837913,0.825539829726661,0.731615302392009,0.0643161906720227
Mo22_0612,67,5.99040394628665,0.247448976747868,0.142426724239082,2.27652036801527,0.935335806483486,0.117132135329843
Mo22_0098,68,5.26026198958619,0.270796985037787,0.131819632506512,2.11273941194852,0.0433849221676293,0.0679062145600542
Mo22_0602,69,7.00669570166748,0.242859197340447,0.0678016098373736,0.888747405522146,0.86697985250923,0.0769116982113876
Mo22_0607,70,6.55059906823787,0.271196096290606,0.149795367610823,2.09912010003678,1.02084811684287,0.0719830213481578
Mo22_0058,71,6.73749216856041,0.374765466397174,0.185371365545725,0.932748259390825,0.505079539023974,0.477290633520668
Mo22_0057,72,5.98507797710648,0.291351214557973,0.133650059840894,0.949859702561979,0.233003080958241,0.0903590758258786
Mo22_0053,73,5.68972877711491,0.250641866770421,0.15941684462488,1.19849944823261,0.386062930593107,0.162585488624072
Mo22_0051,74,5.51978194236566,0.266207205630367,0.0645162274423298,1.02633737714326,<0.009,0.143540107658753
Mo22_0015,75,5.58030431941312,0.33924456489627,0.174764273813156,0.997003474564136,0.315371556377943,0.233108161272014
Mo22_0017,76,6.33231922042041,0.309530270682051,0.165953784963502,0.821876098408803,0.438374382976547,0.178104705849221
Mo22_0007,77,6.22014426195184,0.311125787541237,0.155018318060593,0.972883453839336,0.430786806141674,0.287672421076347
Mo22_0054,78,6.71465600634573,0.337052936503006,0.160970534222936,0.881996122819085,0.439994202750283,<0.02
Mo22_0059,79,7.91689754596307,0.317108975763183,0.176243274918561,0.908873310202506,0.455595624781537,1.25476921343885
Mo22_0013,80,6.19531163755804,0.281209846431502,0.111922427396805,0.811620329538814,0.11108553500942,<0.02
Mo22_0055,81,6.84352876397565,0.31631121733359,0.14966593763554,1.48956201656535,0.458067981278294,0.435200090117998
Mo22_0052,82,5.79670520116781,0.266052436269237,0.108969389920914,0.889776361272181,0.0645370299325644,<0.02
Mo22_0012,83,6.3455918300102,0.261265885691679,0.104908963391564,0.860069996269453,0.0722098604397384,<0.02
Mo22_0010,84,6.8058516786885,0.250097267677379,0.100848536862213,0.888361772462527,0.304099849101,<0.02
Mo22_0011,85,6.54596541994643,0.307934753822865,0.106062493655584,0.862191879483934,0.0861914626972557,<0.02
Mo22_0037,86,6.29935177079415,0.287193034653449,0.0954038740160387,1.66921479539137,0.108357417495759,<0.02
Mo22_0005,87,6.5275550259993,0.292777343660599,0.146066923211797,0.84733869698257,0.615361006675362,0.145436931482159
Mo22_0056,88,7.81071666924473,0.32428880162952,0.179842289342303,0.928323906335245,0.95373283204174,0.253893942380805
Mo22_0004,89,9.42740614702076,0.29836165266775,0.169368234545002,1.25969133499663,0.968566971022277,0.935801064518854
Mo22_0014,90,6.49715646855171,0.3264826373109,0.176012568865757,0.929031200740071,0.47818784794155,0.152950519586584
Mo22_0008,91,6.56865730085801,0.313519062830015,0.177719793656506,0.803486443883305,0.569068262615412,0.257291390914979
Mo22_0009,92,6.13922415832375,0.264656359017449,0.0746403292636786,0.892251891689075,0.303844088084094,<0.02
Mo22_0016,93,6.54468097385709,0.319901130266759,0.158709614905457,0.856533524245319,0.367954849655149,0.0377639471683235
Mo22_0038,94,6.10069077564371,0.310328029111644,0.162862323855929,1.94435231886902,0.545282488043172,0.0948018812132136
Mo22_0023,95,8.50346126009262,0.442755928424067,0.260589407823704,0.794291616620556,0.396344322531693,0.185552958404911
Mo22_0060,96,7.43052062680164,0.22177684342683,0.0384194789734503,1.05563689920408,0.061041629368185,0.0243701596778282
Mo22_0020,97,6.57593582869757,0.298959971489945,0.164431125014996,0.830717278469139,0.426694629871182,<0.02
Mo22_0031,98,6.23769835850608,0.310926347933838,0.146482194106845,0.82364433442087,0.263689608429883,0.102119462671435
Mo22_0066,99,6.91288885279973,0.316510656940989,0.175874145234074,0.946006266455916,0.70163772304492,0.0691250105607029
Mo22_0021,100,6.04289070162364,0.307735314215467,0.124657401511586,0.807022915907439,0.277074434981287,<0.02
Mo22_0019,101,6.28736360729369,0.334859100821626,0.165030960752286,0.83390010329086,0.341185196552341,<0.02
Mo22_0062,102,6.21885981586251,0.27921545035752,0.0779163552134954,0.839912105731888,0.0409217627049285,<0.02
Mo22_0028,103,5.74404291150509,0.290583507979219,0.113260522503068,0.805961974300199,0.0557559016854651,<0.02
Mo22_0018,104,6.16643682356492,0.275396398151848,0.0916664359606139,0.904275896571131,0.0640255078987527,0.0597166915429891
Mo22_0022,105,6.06133581051222,0.31125635343424,0.126918320829065,0.92266555109663,0.195316163243732,0.0223447576670703
Mo22_0064,106,6.02077815817239,0.337244747992827,0.115613724241669,0.898263894130103,0.0630877175034314,<0.02
Mo22_0061,107,5.72640810086712,0.317098705699348,0.0848375367976154,0.828949042457072,0.0469747734383658,0.0282902926018756
Mo22_0024,108,5.98327323235275,0.328179028960761,0.16872225759715,0.832485514481206,0.368125356999753,0.238017404038413
Mo22_0071,109,5.94227947622431,0.281440210839892,0.105139669444368,1.04432018872685,0.0381936451912666,<0.02
Mo22_0063,110,5.80839561312399,0.312666576394783,0.170337199966778,0.878459650794951,0.489185571668499,0.134917908135966
Mo22_0067,111,5.72466368571272,0.283253354646305,0.101540655020625,0.898263894130103,0.049276622590518,<0.02
Mo22_0068,112,5.05611657778831,0.27882122534174,0.105231951865489,0.982078281102085,0.0543918429286341,<0.02
Mo22_0026,113,5.9305046739321,0.275799318997718,0.104401410075395,1.29929982166693,0.0420300604448537,<0.02
Mo22_0074,114,5.63613461662683,0.303197936516848,0.168168563070421,0.863960115496001,0.391058594848973,0.214757948689065
Mo22_0069,115,5.73294965769612,0.276806621112392,0.0759784243699418,1.09064797224301,0.0291567559272615,<0.02
MO22_0079,116,5.35353936161378,0.291714692409566,0.113629652187555,3.46821811406847,0.0503849203304432,0.0518764256948943
Mo22_0070,117,6.34087833900508,0.330395093613044,0.175689580391831,1.03618630307134,0.34246400163687,0.322038919710496
Mo22_0065,118,5.24407731067508,0.300578951018696,0.139699436154407,0.900739424546997,0.0722098604397384,0.0565805852037512
Mo22_0119,119,5.01904775575727,0.338856431376305,0.168445410333786,0.990919461162421,0.307424742320775,0.356274747247177
Mo22_0135,120,5.39453311774221,0.35295866098174,0.131670865516828,0.94954273848005,0.168120241779415,0.463882396012279
Mo22_0123,121,4.84111741000831,0.31125635343424,0.155156741692275,1.03158888943997,0.305378654185529,0.428339857500915
M022_0101,122,7.0233807681647,0.360815617476196,0.181272666869688,1.49522037180397,0.144931242913288,0.667859979160213
Mo22_0105,123,5.22924978186266,0.318911849505761,0.141637366997961,1.26499604303283,0.122339019753276,0.314394660508603
Mo22_0137,124,6.78265147685728,0.334827222917609,0.1415912257874,1.04679571914374,0.182783873415347,0.360456222366161
Mo22_0127,125,5.96975401490614,0.329992172767174,0.147497300739182,0.948128149670396,0.182613366070743,0.751032132698752
Mo22_0139,126,5.58423826578339,0.298161425943479,0.130978747358416,1.01037005729516,0.127880508452902,0.402270973556
Mo22_0129,127,5.13287084458198,0.289901548603153,0.146620617738527,1.07862396736095,0.153882878504992,0.40971922611169
Mo22_0133,128,5.11193786272916,0.295139519599457,0.149481372793297,1.01744300134343,0.124470361560824,0.492564701906559
Mo22_0125,129,5.24189679173208,0.281238750416957,0.147082029844135,1.01072370449757,0.178776950817156,0.515824157255907
Mo22_0107,130,6.81535926100231,0.281843131685761,0.142052637893008,0.978188161875538,0.135041816926264,0.683475175307668
Mo22_0131,131,5.35484767297958,0.292520534101305,0.145790075948433,1.78238190016367,0.223279367758766,0.518372243656538
Mo22_0121,132,5.17212018555601,0.285469419298587,0.175689580391831,0.958030271337972,0.311175903902061,0.788142724379735
Mo22_0113,133,5.1559843453778,0.317300166122283,0.160186133643402,0.884118006033566,0.274431571139927,0.460942296319243
Mo22_0111,134,5.17212018555601,0.32515712261674,0.163646724435462,1.14617058302192,0.308362532716097,0.589718662874201
Mo22_0117,135,4.71377510373699,0.324955662193805,0.175458874339027,1.04891760235822,0.312198947969684,0.396913458559802
Mo22_0115,136,5.34217111177958,0.363545819148704,0.172014935783571,1.06053743778534,0.302296411080671,0.336893296560162
Mo22_0109,137,5.28604226311464,0.350132300048263,0.148671961460842,1.04428814098577,0.123627459251135,0.0736414574739213
Mo22_0103,138,5.32058309306229,0.360586954641254,0.139139471946581,1.77622868793534,0.0514317048587828,0.320343316626653
Mo22_0180,139,5.88100805896304,0.299042572886291,0.184151422433435,1.32088728206291,0.261980454753331,0.265335469653409
Mo22_0182,140,4.91386482042863,0.25722395451433,0.142394468366085,0.82907523226256,0.234274334986524,0.51674038065775
Mo22_0176,141,5.72989192794204,0.341847479427403,0.152717457010797,0.9142937665892,0.264555703064989,0.125613157049292
Mo22_0186,142,5.99240223554423,0.314428668325032,0.158343950821654,2.82484997473432,0.346963649038056,0.424048586569718
Mo22_0178,143,5.15996823380569,0.335732492778673,0.167085941205465,0.93343182726425,0.263845289737635,0.160260956766205
Mo22_0188,144,5.06023158733183,0.345792632104003,0.168620439517517,1.31330427688978,0.275211902975299,0.211815930228142
Mo22_0184,145,5.11204283225331,0.330998309566753,0.172479935272071,0.957264129236954,0.252301073168132,0.21193499483198
Mo22_0172,146,5.00280745754384,0.311272546183752,0.141789969031034,0.903460902056152,0.237915203289213,0.107455804963968
Mo22_0154,147,5.65692442467761,0.298845315252461,0.158715950412455,0.876378740723534,0.258250784784722,0.296947121972449
Mo22_0162,148,7.99490685175968,0.295294677843521,0.162528946218159,0.920071294340158,0.988289280306898,0.812794518101412
Mo22_0168,149,4.94840565037628,0.302790467929062,0.142022468775284,0.920432389824593,0.111461631020198,<0.02
Mo22_0156,150,6.8174963109189,0.275766172094351,0.181965924837483,0.918265816917984,1.38017103200856,0.454112399038861
Mo22_0166,151,4.68934942576885,0.324686065284192,0.147183963097641,0.970263566676611,0.103913489417061,0.0807258014022936
Mo22_0174,152,5.18414681476905,0.322713488945892,0.143231467445386,0.844963433577697,0.312952610990982,0.130732935014334
Mo22_0144,153,5.03303068374805,0.317387532832482,0.137930473276479,0.936320591139729,0.352114145661372,0.0775110570986625
Mo22_0150,154,6.29463449758624,0.323305261847382,0.156065453328001,1.0219002209508,0.249104213195039,0.372136419296267
Mo22_0158,155,5.90734544179813,0.302395952661402,0.189266416806942,1.50540707460915,0.64471563486531,0.440122308087874
Mo22_0146,156,4.73770658769557,0.301212406858422,0.156297953072252,0.909960620775981,0.120519400943961,0.0927513263899509
Mo22_0160,157,5.79249718222216,0.26136636482476,0.106496507853841,0.802715261898812,0.751455237300251,0.611753934520626
Mo22_0164,158,5.4008905226906,0.305749332436512,0.195636909799399,1.2194194509367,0.388700432020104,0.253845735383024
Mo22_0148,159,4.97301599171399,0.312061576719072,0.139650971383932,0.87312888136362,0.275655911304896,0.100966784054786
Mo22_0142,160,4.94624684850456,0.298450799984801,0.149555460488994,0.859407252955093,0.123449855919297,0.17442964462295
Mo22_0170,161,4.75324996117202,0.282867446912231,0.166620941716964,1.14250611275206,0.143075024087452,0.062270787807374
Mo22_0152,162,6.32183540117002,0.296280966012671,0.176757930566276,0.924043344668942,0.220066068439444,0.393925241798656
Mo22_0190,163,5.26359072364866,0.339480387821443,0.141743469082184,0.993734773164881,0.0881067928834341,0.166690445373468
Mo22_0192,164,4.35862097902003,0.228818855242809,0.142487468263785,0.957986320205824,0.263490083073958,0.517990558998051
Mo22_0208,165,6.24584557528517,0.331984597735903,0.207261897011913,1.11109080560623,0.532203924145617,0.423096069739012
Mo22_0202,166,6.86067234835347,0.338691357286123,0.185313921154687,1.03562184935933,1.352198507244,0.314925877152016
Mo22_0212,167,7.11800153146352,0.316203987029502,0.164435444121012,2.80643410502814,0.870005461302454,0.437205225293838
Mo22_0196,168,3.927724125423,0.234144811356219,0.110821003096897,0.824019895480472,0.128866757540371,0.123708123387881
Mo22_0200,169,4.28349467388388,0.221914838058758,0.125328987138114,0.763716949579841,0.162611390589687,0.465125874893894
Mo22_0206,170,5.66037850767237,0.323699777115042,0.200798404121756,1.56607111599422,0.399267830264495,0.402438360973086
Mo22_0210,171,7.47247679880136,0.351513103485073,0.18819691798339,1.08617521718022,1.518257622513,0.53775528323519
Mo22_0198,172,4.34825873003573,0.27122924651626,0.155367954095251,1.21544740060792,0.217934828457381,0.2422369365088
Mo22_0240,173,8.15336290914456,0.26393071406455,0.157088452202703,1.04320485453246,2.29935707593874,1.16719031142579
Mo22_0194,174,4.19412027639431,0.25643492397901,0.12997898202312,0.816797985791773,0.198664866952904,0.396604195385015
Nutrients_CTM,175,7.32049714703166,0.348948754245283,0.190614915323593,2.2019602640841,0.146449487392383,0.115730794930722
Nutrients_ABA,176,6.65213208754449,0.357233574866144,0.216933886372725,2.40525702182096,0.166252258892376,0.188598332479695
Mo22_0795,177,24.6634478637505,0.25248977130241,0.0289345931719476,2.82232230634328,4.50332562238868,1.54093410287387
Mo22_0779,178,14.5093073798879,0.205936969718528,0.0124271113301776,4.90475996507942,2.88518166600805,3.52526479044116
Mo22_0793,179,38.0060207493749,0.26254991062774,0.0371650841184075,3.99516043978788,20.69558827483,0.903164552414599
Mo22_0782,180,7.34338044687199,0.960250161484477,0.0107531131715756,2.87648662900852,0.545346570701666,0.268371617051283
Mo22_0780,181,8.43832475621273,0.78212651813598,0.0409315799752621,5.03114338463164,0.591789841977435,1.10099039169175
Mo22_0794,182,17.0782816072449,0.25150348313326,0.0139151096933794,3.22024953019055,6.05673316431416,0.828213384298458
Mo22_0792,183,22.1497389643097,0.25682943924667,0.0337240879035034,4.21073444399552,1.61620586002193,1.12373173102485
Mo22_0781,184,8.97241233927838,1.98641083267783,0.0355375859086556,2.72049337973263,0.483540611221866,0.345882674149945
Mo22_0777,185,11.2728316137924,0.208501318958318,<0.008,4.90114901023507,2.04804836138726,1.3402507131046
Mo22_0787,186,12.1134690626435,0.199032952534478,0.0107531131715756,3.23216568117691,0.330535340842994,1.30310255670708
Mo22_0796,187,19.3199814708479,0.279119551869461,0.0216341012024888,2.83062750248528,8.07643825398164,0.367671496652334
Mo22_0800,188,8.65420494338559,0.340861191258253,0.0238195987984414,4.88201094956002,0.29057459117933,0.947039858928973
Mo22_0778,189,14.4272729087622,0.180885250222117,0.0131246105629285,3.42535176534958,3.47091745441144,2.08892894203915
Mo22_0790,190,14.6094757867361,0.195876830393197,0.0257260967012937,2.66091262480087,2.00462434675274,5.69789614897856
Mo22_0784,191,13.0629101258297,0.891604504911634,0.0139616096422295,3.7109782935376,2.35334848881765,0.917154643365587
Mo22_0786,192,13.7153000514661,0.216194366677688,0.0169376063686331,2.83916821594365,6.44985813933869,1.11599253177537
Mo22_0789,193,9.2228333563989,0.227832567073659,0.0202391027369871,3.10036582935816,0.178684492121072,3.37524338960504
Mo22_0788,194,8.55533181766042,0.203372620478738,0.0123341114324775,3.59041373844856,0.17531002881614,0.701171452003108
Mo22_0798,195,8.60627954183322,0.327644929791642,0.0269350953713952,4.28802390633692,0.136858907473104,0.995141958879602
Mo22_0797,196,43.2224308109287,0.332773628271223,0.157832451384304,45.0419622016106,8.64272647754872,3.25689317338988
Mo22_0783,197,6.50576532064129,0.648780357666895,0.00847461567792284,2.57822175886528,0.130287584195079,0.207172410678453
Mo22_0799,198,10.283236835792,0.412268454704716,0.0174491058059837,3.27035440011585,0.316948685957348,1.24928535577222
Mo22_0785,199,7.59682378661292,0.606961739294933,<0.008,5.4203258371306,0.464270649717388,0.890841365917347
Mo22_0791,200,14.5434164494612,0.209684864761298,0.0271675951156455,3.44843779975771,1.94716966890299,6.80990001652535
Mo22_0771,201,8.20517415406604,0.210473895296618,0.0184256047318349,3.90907084528802,0.307713312701746,0.898104306751476
Mo22_0752,202,6.38141833282973,0.283459219813721,0.159227449849805,1.10741232178861,0.091925264517962,0.763144578300886
Mo22_0773,203,12.4403116660232,0.322121716044402,0.0273070949621956,1.6129167751027,0.0842883212489062,0.255750769044435
Mo22_0768,204,8.0026785384979,0.232172235017919,<0.008,3.25913654816991,0.0871299745583223,0.621338635129601
Mo22_0764,205,7.9120088598853,0.246374784653679,0.013543110102579,1.36086566419228,0.200352098605369,0.433930948688288
Mo22_0756,206,7.61409420158675,0.25544863580986,0.0223316004352396,2.2106179490975,0.145472669067271,0.193479981237061
Mo22_0759,207,18.976731973243,0.599071433941733,0.140720470207483,2.49772484733899,0.429815603340718,0.711113346423597
Mo22_0753,208,11.6160811113972,0.26274716826157,0.0278185943995462,2.22428970615662,0.569411822165783,1.9272987423288
Mo22_0766,209,8.77855193119716,0.360981469908914,0.0280975940926466,2.17941829837284,0.509470697670288,0.276110816300765
Mo22_0751,210,8.28073221957654,0.354471967992524,0.182802923916784,1.01451448536127,0.412232873488706,1.70732688673774
Mo22_0774,211,5.91900297190546,0.302593210295232,0.157320951946953,4.00617537619509,0.0703464596995836,0.732187781302957
Mo22_0765,212,21.043568885236,0.281881158743081,0.020192602788137,1.69845289619052,10.7124269051287,0.440658098805146
Mo22_0769,213,8.68572345071283,0.311075288549922,0.018518604629535,1.57076535729187,0.519682889251002,0.716292656690558
Mo22_0755,214,16.280388435454,0.219350488818968,0.0289810931207976,3.56271966645701,0.330002530847478,2.52857499171167
Mo22_0775,215,6.8779427633273,0.306735620605662,0.151461958391846,3.33254086086359,0.488868711177021,1.00937017903827
Mo22_0776,216,8.18574493722048,0.298648057618631,0.140766970156333,3.03885262194645,0.994238991923488,1.83026109020068
Mo22_0763,217,13.0443444297329,0.365912910754664,0.0352120862667052,1.81346376301631,0.694710972777849,0.798149571829315
Mo22_0767,218,17.7695299665724,0.284642765616701,0.0233080993610908,2.4134119133845,0.562751697221839,0.797316119602447
Mo22_0754,219,12.4938499524421,0.212643729268748,0.0166121067266827,3.93807642124685,0.980119527042327,1.1650471485567
Mo22_0758,220,10.157698529256,0.248911194256439,0.041983521947062,1.63219745813479,0.459901961662888,0.423402386983611
Mo22_0760,221,41.4849505660139,0.549760551093947,0.121153937212936,1.62308295342871,0.291516188871663,3.48423019448436
Mo22_0750,222,6.38098249608252,0.292813641117417,0.15875041431886,1.64867367818039,0.212655369256826,0.33653915986804
Mo22_0575,223,10.202607442357,0.252243076384281,0.0319451678583267,1.62308295342871,0.291516188871663,0.290139772569716
Mo22_0772,224,8.61204710262542,0.243227395332473,0.00950092333917332,1.64867367818039,0.212655369256826,0.592725047922338
Mo22_0762,225,14.127995254474,0.404725681999643,0.0394739334248781,1.36892849527842,0.38122037118354,0.149473679577271
Mo22_0761,226,69.9708160296815,1.79686443223861,0.87881291727828,3.33987433650837,0.224571136002296,4.41783437247596
Mo22_0770,227,9.32371496230088,0.360431249005978,0.0420308726738956,1.42922444948787,0.260778392135425,0.498075403681052
Mo22_0326,228,8.53923362216073,0.344947796764829,0.0747028741891189,2.95485231413619,0.319475934007832,0.0688012923075569
Mo22_0323,229,8.86580426208917,0.250675131853532,0.0481391164354374,2.95800733499599,0.41679735457796,0.420466524788669
Mo22_0337,230,9.57911476532404,0.324172531732402,0.0667953028078982,2.80095740775278,0.246798519567341,0.311329038846254
Mo22_0332,231,6.45772730037389,0.179921634903473,0.0601188503243526,1.7240436209422,0.243930853399529,0.39608610395241
Mo22_0342,232,9.02145942691487,0.326132462395838,0.0938325678299163,2.69018111978659,0.589932699459624,0.398000796688242
Mo22_0335,233,8.30814892368,0.242247430000755,0.0546261660116483,2.91383704295884,0.170088449578363,0.278396323789947
Mo22_0327,234,9.40122314838038,0.271646389952303,0.0414153132250581,2.63724688091667,0.412137397055265,0.32128544107258
Mo22_0325,235,10.3495424298815,0.37826661804325,0.0701572044130878,3.25738375880336,0.28972389751678,0.316562532324195
Mo22_0320,236,9.16970244103458,0.208536622589647,0.0355438230976846,3.01094157386591,0.895518375467116,1.1851948034799
Mo22_0310,237,10.1812430079691,0.298889426174071,0.0833207064728444,1.37208351613822,0.176271854752709,0.487416947451588
Mo22_0309,238,10.954722734582,0.311040996287377,0.0741820161939487,1.63044466876823,0.663327030442069,0.599362649406555
Mo22_0359,239,8.4502878136889,0.236563631076789,0.0304772953264833,4.13973792592648,0.130568425203201,0.893140338174351
Mo22_0319,240,6.02825856829177,0.160322328269108,0.0224276717647617,1.54000073745406,0.351468334692488,0.237102783787174
Mo22_0355,241,8.54359371081131,0.235975651877758,0.0565201950849946,5.79472164582646,0.257283423993404,1.16777109958383
Mo22_0333,242,10.6743690343497,0.293793606449136,0.0297196836971448,2.73505252757036,1.04409932878689,0.589789185727396
Mo22_0324,243,10.1607505913114,0.343183859167736,0.0563781429044937,3.38218236170198,0.278611691116508,0.271950191579313
Mo22_0348,244,7.18324605183038,0.266746563293712,0.0952057389080923,2.31964144769714,0.198496267553253,0.316243416868223
Mo22_0332,245,8.88498865215172,0.289481758989575,0.0387636725223733,2.53909067638966,0.214358046043965,0.168939722391561
Mo22_0321,246,4.84231445533404,0.166790099458449,0.0729982480231072,1.07270709233085,0.113810501035048,0.273864884315145
Mo22_0331,247,9.92704983964031,0.323192566400684,0.0245111037454426,2.71261682367847,0.198496267553253,0.19593688996679
Mo22_0353,248,9.46706048700413,0.28223001553486,0.0346441592878451,5.51427534717788,1.38400738424038,1.11479793389248
Mo22_0318,249,7.21725474330491,0.227351956958637,0.0300633974775421,2.23831202108905,0.396902920538763,0.191213981218405
R_48,250,6.84969927006102,0.340831942371612,0.193505847814764,1.03975465223964,1.24465673139826,0.360536642157132
Mo22_0350,251,6.74069705379652,0.22264812336639,0.0215753586817558,3.75552649677791,0.222244128005449,1.09233220579206
Mo22_0356,252,8.66088009551191,0.290853710453981,0.0590297836071784,4.5484884062068,0.160947763668462,1.08569460430784
Mo22_0354,253,8.52876940939934,0.256162937711154,0.0462450873620911,4.98528351635198,0.266155266200073,1.0064901481356
Mo22_0345,254,9.21112328321509,0.333972185049585,0.134317439272693,2.64706250136937,0.693079066933121,0.55411207774973
N_72,255,5.77319338223284,0.324760510931433,0.186119134428714,1.08147103916362,0.26131607954189,0.330220673839795
C_72,256,8.58196249093641,0.348083685826328,0.195920734883281,1.20662019993555,0.181559114249612,0.5851939231614
C_24,257,15.6126054399965,0.345927762096548,0.186403238789715,1.3093336568156,2.6628968805169,3.50803620749987
N_24,258,6.18783781290299,0.328288386125619,0.179300629764667,1.37173295826491,1.36178297143984,0.456590394404696
Mo22_0340,259,7.26783177165163,0.252439069450625,0.0565675458118283,3.37236674124928,1.0737617507102,0.0422508863706889
Mo22_0338,260,6.48475985000748,0.222844116432733,0.0462924380889247,2.04760853800801,0.313023685130255,0.0372726852575262
Mo22_0347,261,8.82830749969418,0.299477405373102,0.101503385576969,2.48650699539305,1.13846346862146,0.45301630129781
Mo22_0343,262,9.3916309533491,0.330052323722712,0.0928855532932431,4.07558583511062,1.46143437077131,0.560430563777975
Mo22_0328,263,8.56713818952444,0.262238722767808,0.0247478573796108,3.09016765323414,0.252265008199733,0.206276230740282
Mo22_0346,264,9.89042509497544,0.321036642670904,0.122527108291112,4.72657180584865,1.54719551210245,0.68207737559449
Mo22_0339,265,7.63233518284011,0.240287499337319,0.0733297031109428,4.6235077910953,1.26177311383739,0.401128128156767
Mo22_0344,266,9.86513658080208,0.334952150381303,0.103350063923481,2.61586285064471,1.62964091442705,0.571089020007439
Mo22_0349,267,8.01253491317068,0.313588906149845,0.0819475353946684,2.37678238104679,0.238195521063904,0.424615025716304
Mo22_0317,268,10.5980674829646,0.368270971659724,0.0242743501112743,1.61256621722939,0.0888976512021794,0.237421899243146
Mo22_0315,269,11.4578769648589,0.360431249005978,0.0929802547469104,1.24202654513994,0.226097554418446,0.478545537775567
Mo22_0311,270,11.8075560746354,0.534473091919142,0.267846488943605,1.65848929863309,0.512326483793205,0.396149927043604
Mo22_0308,271,8.07924426952455,0.268118514758117,0.0754604858184574,3.45720174659048,0.918190861106381,0.293905334950185
Mo22_0303,272,6.11240827924796,0.182273551699597,0.0401368436005493,1.1494792665859,0.202887381372716,0.23486897559537
Mo22_0301,273,6.37401359828275,0.172865884515102,0.0157985700080497,1.29531134188317,0.3925118067193,0.486778716539644
Mo22_0358,274,7.75267362959612,0.22480404709617,0.041557365405559,7.6831769093514,0.194642841140256,1.21876574944815
Mo22_0313,275,8.98527069111506,0.288893779790544,0.0608291112268574,1.96382520628674,0.321626683633691,0.250505632937997
R_24,276,6.28681182527116,0.309473051756628,0.188155215682561,1.33282103432742,1.67606126051851,0.599809411044916
Mo22_0341,277,7.7186649381216,0.265766597961993,0.0837468630143473,3.96375787352449,0.527023272903243,0.575684282573435
R_72,278,12.9403071060561,0.386498326829684,0.223242104266301,1.37068128464498,1.34188853740064,2.52420325673829
Mo22_0336,279,9.80453134855902,0.392770104952681,0.0727614943889389,2.27406892416674,0.135497226429128,0.286629502554024
Mo22_0307,280,9.39250297107922,0.309081065623941,0.0557625834556561,1.58837772397094,0.294115011336243,0.330412143113378
Mo22_0314,281,8.49868479771034,0.288501793657857,0.0395686348785455,1.59433720781723,0.206561578650225,0.271950191579313
Mo22_0316,282,6.28027169229529,0.18776135755722,0.0214333065012549,1.34964781224633,0.216329566534336,0.248271824746193
Mo22_0304,283,10.721457991776,0.334364171182272,0.0406103508688859,1.58276879799797,0.293756553065266,0.320391917795859
Mo22_0352,284,5.97244943356435,0.219904220437579,0.0542947109238128,5.35862765142791,0.186846373746516,0.605872604708383
Mo22_0357,285,7.3968903957088,0.233231748948947,0.0414626639518917,4.25962871859875,0.129941123228992,1.22884979785686
Mo22_0305,286,10.2165597260388,0.33534413651399,0.0482811686159383,1.68408002338478,0.232012115889559,0.371195098386596
Mo22_0300,287,8.51089304593196,0.194425121812904,<0.008,1.15333540319232,0.216956868508545,0.149856618124437
Mo22_0334,288,8.30117278183907,0.232447776683572,0.0454401250059189,2.631988512817,0.279776680497182,0.614169606563655
N_48,289,7.07947594194658,0.307317128026848,0.178448316681661,1.62974355302161,1.82688257803189,0.644357928698603
C_48,290,4.5811451451643,0.302809287500944,0.161780860836214,1.06604649273795,0.260240704728961,0.266589051918984
Mo22_0302,291,6.31340836603969,0.175609787443913,0.0181661063497325,1.10425730092882,0.241511260070437,0.175130562237417
Mo22_0312,292,8.79953091460035,0.266550570227368,0.0549576210994839,1.54175352682062,0.248501196354479,0.344708515540923
Mo22_0351,293,7.32669296843446,0.200892893002244,0.0483758700696056,6.59714861783474,0.512147254657717,1.37277086850022
Mo22_0360,294,7.20548250394834,0.201872858333963,0.0466238931767603,3.58971262270194,0.151000546648863,0.874503995545588
Mo22_0361,295,8.41148302469874,0.190897246618718,0.0329868838486671,4.1176527799079,1.21553199688141,0.972025678890623
Mo22_0306,296,6.5292327542434,0.299869391505789,0.127688337515981,1.71177409537632,0.235955156870301,0.427678534093635
Mo22_0330,297,13.240717214081,0.502526222105126,0.210125952933378,7.19449923395623,3.21044188943355,0.613212260195739
Mo22_0330,285,7.40,0.23,0.04,4.26,0.13,1.23
